date,fiscal_year,product_id,product_name,category,consumption_tmt,consumption_mmt
2014-04-01,FY 2014-15,PRD01,High Speed Diesel (HSD),Middle Distillate,5512.23,5.5122
2014-04-01,FY 2014-15,PRD02,Motor Spirit (Petrol / MS),Light Distillate,1797.27,1.7973
2014-04-01,FY 2014-15,PRD03,Liquefied Petroleum Gas (LPG),Light Distillate,1525.13,1.5251
2014-04-01,FY 2014-15,PRD04,Aviation Turbine Fuel (ATF),Middle Distillate,456.8,0.4568
2014-04-01,FY 2014-15,PRD05,Naphtha,Light Distillate,819.92,0.8199
2014-04-01,FY 2014-15,PRD06,Petroleum Coke (Petcoke),Heavy Ends,1031.18,1.0312
2014-04-01,FY 2014-15,PRD07,Bitumen,Heavy Ends,555.84,0.5558
2014-04-01,FY 2014-15,PRD08,Fuel Oil (FO / LSHS),Heavy Ends,638.9,0.6389
2014-04-01,FY 2014-15,PRD09,Light Diesel Oil & Lubes,Others,954.42,0.9544
2014-05-01,FY 2014-15,PRD01,High Speed Diesel (HSD),Middle Distillate,5530.4,5.5304
2014-05-01,FY 2014-15,PRD02,Motor Spirit (Petrol / MS),Light Distillate,1798.44,1.7984
2014-05-01,FY 2014-15,PRD03,Liquefied Petroleum Gas (LPG),Light Distillate,1515.31,1.5153
2014-05-01,FY 2014-15,PRD04,Aviation Turbine Fuel (ATF),Middle Distillate,479.66,0.4797
2014-05-01,FY 2014-15,PRD05,Naphtha,Light Distillate,842.76,0.8428
2014-05-01,FY 2014-15,PRD06,Petroleum Coke (Petcoke),Heavy Ends,1023.19,1.0232
2014-05-01,FY 2014-15,PRD07,Bitumen,Heavy Ends,560.55,0.5605
2014-05-01,FY 2014-15,PRD08,Fuel Oil (FO / LSHS),Heavy Ends,597.87,0.5979
2014-05-01,FY 2014-15,PRD09,Light Diesel Oil & Lubes,Others,961.31,0.9613
2014-06-01,FY 2014-15,PRD01,High Speed Diesel (HSD),Middle Distillate,5550.77,5.5508
2014-06-01,FY 2014-15,PRD02,Motor Spirit (Petrol / MS),Light Distillate,1843.42,1.8434
2014-06-01,FY 2014-15,PRD03,Liquefied Petroleum Gas (LPG),Light Distillate,1532.56,1.5326
2014-06-01,FY 2014-15,PRD04,Aviation Turbine Fuel (ATF),Middle Distillate,453.71,0.4537
2014-06-01,FY 2014-15,PRD05,Naphtha,Light Distillate,804.42,0.8044
2014-06-01,FY 2014-15,PRD06,Petroleum Coke (Petcoke),Heavy Ends,1043.51,1.0435
2014-06-01,FY 2014-15,PRD07,Bitumen,Heavy Ends,565.47,0.5655
2014-06-01,FY 2014-15,PRD08,Fuel Oil (FO / LSHS),Heavy Ends,631.43,0.6314
2014-06-01,FY 2014-15,PRD09,Light Diesel Oil & Lubes,Others,975.98,0.976
2014-07-01,FY 2014-15,PRD01,High Speed Diesel (HSD),Middle Distillate,5256.55,5.2565
2014-07-01,FY 2014-15,PRD02,Motor Spirit (Petrol / MS),Light Distillate,1712.58,1.7126
2014-07-01,FY 2014-15,PRD03,Liquefied Petroleum Gas (LPG),Light Distillate,1466.73,1.4667
2014-07-01,FY 2014-15,PRD04,Aviation Turbine Fuel (ATF),Middle Distillate,434.8,0.4348
2014-07-01,FY 2014-15,PRD05,Naphtha,Light Distillate,773.77,0.7738
2014-07-01,FY 2014-15,PRD06,Petroleum Coke (Petcoke),Heavy Ends,957.07,0.9571
2014-07-01,FY 2014-15,PRD07,Bitumen,Heavy Ends,310.81,0.3108
2014-07-01,FY 2014-15,PRD08,Fuel Oil (FO / LSHS),Heavy Ends,589.81,0.5898
2014-07-01,FY 2014-15,PRD09,Light Diesel Oil & Lubes,Others,920.28,0.9203
2014-08-01,FY 2014-15,PRD01,High Speed Diesel (HSD),Middle Distillate,5256.77,5.2568
2014-08-01,FY 2014-15,PRD02,Motor Spirit (Petrol / MS),Light Distillate,1718.27,1.7183
2014-08-01,FY 2014-15,PRD03,Liquefied Petroleum Gas (LPG),Light Distillate,1459.3,1.4593
2014-08-01,FY 2014-15,PRD04,Aviation Turbine Fuel (ATF),Middle Distillate,438.58,0.4386
2014-08-01,FY 2014-15,PRD05,Naphtha,Light Distillate,810.8,0.8108
2014-08-01,FY 2014-15,PRD06,Petroleum Coke (Petcoke),Heavy Ends,983.39,0.9834
2014-08-01,FY 2014-15,PRD07,Bitumen,Heavy Ends,308.81,0.3088
2014-08-01,FY 2014-15,PRD08,Fuel Oil (FO / LSHS),Heavy Ends,616.6,0.6166
2014-08-01,FY 2014-15,PRD09,Light Diesel Oil & Lubes,Others,903.44,0.9034
2014-09-01,FY 2014-15,PRD01,High Speed Diesel (HSD),Middle Distillate,5592.2,5.5922
2014-09-01,FY 2014-15,PRD02,Motor Spirit (Petrol / MS),Light Distillate,1838.6,1.8386
2014-09-01,FY 2014-15,PRD03,Liquefied Petroleum Gas (LPG),Light Distillate,1563.9,1.5639
2014-09-01,FY 2014-15,PRD04,Aviation Turbine Fuel (ATF),Middle Distillate,498.81,0.4988
2014-09-01,FY 2014-15,PRD05,Naphtha,Light Distillate,855.1,0.8551
2014-09-01,FY 2014-15,PRD06,Petroleum Coke (Petcoke),Heavy Ends,1093.58,1.0936
2014-09-01,FY 2014-15,PRD07,Bitumen,Heavy Ends,528.93,0.5289
2014-09-01,FY 2014-15,PRD08,Fuel Oil (FO / LSHS),Heavy Ends,642.13,0.6421
2014-09-01,FY 2014-15,PRD09,Light Diesel Oil & Lubes,Others,976.31,0.9763
2014-10-01,FY 2014-15,PRD01,High Speed Diesel (HSD),Middle Distillate,5899.36,5.8994
2014-10-01,FY 2014-15,PRD02,Motor Spirit (Petrol / MS),Light Distillate,1951.44,1.9514
2014-10-01,FY 2014-15,PRD03,Liquefied Petroleum Gas (LPG),Light Distillate,1639.47,1.6395
2014-10-01,FY 2014-15,PRD04,Aviation Turbine Fuel (ATF),Middle Distillate,544.18,0.5442
2014-10-01,FY 2014-15,PRD05,Naphtha,Light Distillate,902.19,0.9022
2014-10-01,FY 2014-15,PRD06,Petroleum Coke (Petcoke),Heavy Ends,1112.3,1.1123
2014-10-01,FY 2014-15,PRD07,Bitumen,Heavy Ends,613.31,0.6133
2014-10-01,FY 2014-15,PRD08,Fuel Oil (FO / LSHS),Heavy Ends,644.48,0.6445
2014-10-01,FY 2014-15,PRD09,Light Diesel Oil & Lubes,Others,1017.86,1.0179
2014-11-01,FY 2014-15,PRD01,High Speed Diesel (HSD),Middle Distillate,5894.09,5.8941
2014-11-01,FY 2014-15,PRD02,Motor Spirit (Petrol / MS),Light Distillate,1963.23,1.9632
2014-11-01,FY 2014-15,PRD03,Liquefied Petroleum Gas (LPG),Light Distillate,1665.49,1.6655
2014-11-01,FY 2014-15,PRD04,Aviation Turbine Fuel (ATF),Middle Distillate,522.41,0.5224
2014-11-01,FY 2014-15,PRD05,Naphtha,Light Distillate,895.16,0.8952
2014-11-01,FY 2014-15,PRD06,Petroleum Coke (Petcoke),Heavy Ends,1094.98,1.095
2014-11-01,FY 2014-15,PRD07,Bitumen,Heavy Ends,607.33,0.6073
2014-11-01,FY 2014-15,PRD08,Fuel Oil (FO / LSHS),Heavy Ends,673.28,0.6733
2014-11-01,FY 2014-15,PRD09,Light Diesel Oil & Lubes,Others,1052.74,1.0527
2014-12-01,FY 2014-15,PRD01,High Speed Diesel (HSD),Middle Distillate,5916.93,5.9169
2014-12-01,FY 2014-15,PRD02,Motor Spirit (Petrol / MS),Light Distillate,1991.43,1.9914
2014-12-01,FY 2014-15,PRD03,Liquefied Petroleum Gas (LPG),Light Distillate,1655.24,1.6552
2014-12-01,FY 2014-15,PRD04,Aviation Turbine Fuel (ATF),Middle Distillate,516.87,0.5169
2014-12-01,FY 2014-15,PRD05,Naphtha,Light Distillate,904.3,0.9043
2014-12-01,FY 2014-15,PRD06,Petroleum Coke (Petcoke),Heavy Ends,1121.72,1.1217
2014-12-01,FY 2014-15,PRD07,Bitumen,Heavy Ends,584.75,0.5847
2014-12-01,FY 2014-15,PRD08,Fuel Oil (FO / LSHS),Heavy Ends,672.3,0.6723
2014-12-01,FY 2014-15,PRD09,Light Diesel Oil & Lubes,Others,1022.69,1.0227
2015-01-01,FY 2014-15,PRD01,High Speed Diesel (HSD),Middle Distillate,5697.12,5.6971
2015-01-01,FY 2014-15,PRD02,Motor Spirit (Petrol / MS),Light Distillate,1901.52,1.9015
2015-01-01,FY 2014-15,PRD03,Liquefied Petroleum Gas (LPG),Light Distillate,1619.71,1.6197
2015-01-01,FY 2014-15,PRD04,Aviation Turbine Fuel (ATF),Middle Distillate,491.9,0.4919
2015-01-01,FY 2014-15,PRD05,Naphtha,Light Distillate,848.95,0.849
2015-01-01,FY 2014-15,PRD06,Petroleum Coke (Petcoke),Heavy Ends,1059.54,1.0595
2015-01-01,FY 2014-15,PRD07,Bitumen,Heavy Ends,584.34,0.5843
2015-01-01,FY 2014-15,PRD08,Fuel Oil (FO / LSHS),Heavy Ends,631.96,0.632
2015-01-01,FY 2014-15,PRD09,Light Diesel Oil & Lubes,Others,1009.27,1.0093
2015-02-01,FY 2014-15,PRD01,High Speed Diesel (HSD),Middle Distillate,5691.76,5.6918
2015-02-01,FY 2014-15,PRD02,Motor Spirit (Petrol / MS),Light Distillate,1887.44,1.8874
2015-02-01,FY 2014-15,PRD03,Liquefied Petroleum Gas (LPG),Light Distillate,1603.95,1.6039
2015-02-01,FY 2014-15,PRD04,Aviation Turbine Fuel (ATF),Middle Distillate,483.98,0.484
2015-02-01,FY 2014-15,PRD05,Naphtha,Light Distillate,860.51,0.8605
2015-02-01,FY 2014-15,PRD06,Petroleum Coke (Petcoke),Heavy Ends,1057.14,1.0571
2015-02-01,FY 2014-15,PRD07,Bitumen,Heavy Ends,587.22,0.5872
2015-02-01,FY 2014-15,PRD08,Fuel Oil (FO / LSHS),Heavy Ends,643.63,0.6436
2015-02-01,FY 2014-15,PRD09,Light Diesel Oil & Lubes,Others,1000.67,1.0007
2015-03-01,FY 2014-15,PRD01,High Speed Diesel (HSD),Middle Distillate,6010.7,6.0107
2015-03-01,FY 2014-15,PRD02,Motor Spirit (Petrol / MS),Light Distillate,2040.55,2.0406
2015-03-01,FY 2014-15,PRD03,Liquefied Petroleum Gas (LPG),Light Distillate,1702.9,1.7029
2015-03-01,FY 2014-15,PRD04,Aviation Turbine Fuel (ATF),Middle Distillate,517.14,0.5171
2015-03-01,FY 2014-15,PRD05,Naphtha,Light Distillate,879.75,0.8798
2015-03-01,FY 2014-15,PRD06,Petroleum Coke (Petcoke),Heavy Ends,1122.66,1.1227
2015-03-01,FY 2014-15,PRD07,Bitumen,Heavy Ends,594.98,0.595
2015-03-01,FY 2014-15,PRD08,Fuel Oil (FO / LSHS),Heavy Ends,681.38,0.6814
2015-03-01,FY 2014-15,PRD09,Light Diesel Oil & Lubes,Others,1052.24,1.0522
2015-04-01,FY 2015-16,PRD01,High Speed Diesel (HSD),Middle Distillate,5743.0,5.743
2015-04-01,FY 2015-16,PRD02,Motor Spirit (Petrol / MS),Light Distillate,1932.99,1.933
2015-04-01,FY 2015-16,PRD03,Liquefied Petroleum Gas (LPG),Light Distillate,1630.86,1.6309
2015-04-01,FY 2015-16,PRD04,Aviation Turbine Fuel (ATF),Middle Distillate,523.16,0.5232
2015-04-01,FY 2015-16,PRD05,Naphtha,Light Distillate,871.53,0.8715
2015-04-01,FY 2015-16,PRD06,Petroleum Coke (Petcoke),Heavy Ends,1082.1,1.0821
2015-04-01,FY 2015-16,PRD07,Bitumen,Heavy Ends,568.57,0.5686
2015-04-01,FY 2015-16,PRD08,Fuel Oil (FO / LSHS),Heavy Ends,640.3,0.6403
2015-04-01,FY 2015-16,PRD09,Light Diesel Oil & Lubes,Others,998.04,0.998
2015-05-01,FY 2015-16,PRD01,High Speed Diesel (HSD),Middle Distillate,5742.11,5.7421
2015-05-01,FY 2015-16,PRD02,Motor Spirit (Petrol / MS),Light Distillate,1966.12,1.9661
2015-05-01,FY 2015-16,PRD03,Liquefied Petroleum Gas (LPG),Light Distillate,1638.04,1.638
2015-05-01,FY 2015-16,PRD04,Aviation Turbine Fuel (ATF),Middle Distillate,487.02,0.487
2015-05-01,FY 2015-16,PRD05,Naphtha,Light Distillate,896.12,0.8961
2015-05-01,FY 2015-16,PRD06,Petroleum Coke (Petcoke),Heavy Ends,1091.8,1.0918
2015-05-01,FY 2015-16,PRD07,Bitumen,Heavy Ends,558.63,0.5586
2015-05-01,FY 2015-16,PRD08,Fuel Oil (FO / LSHS),Heavy Ends,645.57,0.6456
2015-05-01,FY 2015-16,PRD09,Light Diesel Oil & Lubes,Others,1016.2,1.0162
2015-06-01,FY 2015-16,PRD01,High Speed Diesel (HSD),Middle Distillate,5793.32,5.7933
2015-06-01,FY 2015-16,PRD02,Motor Spirit (Petrol / MS),Light Distillate,1950.81,1.9508
2015-06-01,FY 2015-16,PRD03,Liquefied Petroleum Gas (LPG),Light Distillate,1665.69,1.6657
2015-06-01,FY 2015-16,PRD04,Aviation Turbine Fuel (ATF),Middle Distillate,530.13,0.5301
2015-06-01,FY 2015-16,PRD05,Naphtha,Light Distillate,863.37,0.8634
2015-06-01,FY 2015-16,PRD06,Petroleum Coke (Petcoke),Heavy Ends,1086.84,1.0868
2015-06-01,FY 2015-16,PRD07,Bitumen,Heavy Ends,566.32,0.5663
2015-06-01,FY 2015-16,PRD08,Fuel Oil (FO / LSHS),Heavy Ends,651.55,0.6515
2015-06-01,FY 2015-16,PRD09,Light Diesel Oil & Lubes,Others,1017.72,1.0177
2015-07-01,FY 2015-16,PRD01,High Speed Diesel (HSD),Middle Distillate,5448.03,5.448
2015-07-01,FY 2015-16,PRD02,Motor Spirit (Petrol / MS),Light Distillate,1877.67,1.8777
2015-07-01,FY 2015-16,PRD03,Liquefied Petroleum Gas (LPG),Light Distillate,1549.88,1.5499
2015-07-01,FY 2015-16,PRD04,Aviation Turbine Fuel (ATF),Middle Distillate,450.83,0.4508
2015-07-01,FY 2015-16,PRD05,Naphtha,Light Distillate,823.12,0.8231
2015-07-01,FY 2015-16,PRD06,Petroleum Coke (Petcoke),Heavy Ends,1033.7,1.0337
2015-07-01,FY 2015-16,PRD07,Bitumen,Heavy Ends,333.12,0.3331
2015-07-01,FY 2015-16,PRD08,Fuel Oil (FO / LSHS),Heavy Ends,612.68,0.6127
2015-07-01,FY 2015-16,PRD09,Light Diesel Oil & Lubes,Others,962.55,0.9625
2015-08-01,FY 2015-16,PRD01,High Speed Diesel (HSD),Middle Distillate,5477.29,5.4773
2015-08-01,FY 2015-16,PRD02,Motor Spirit (Petrol / MS),Light Distillate,1879.01,1.879
2015-08-01,FY 2015-16,PRD03,Liquefied Petroleum Gas (LPG),Light Distillate,1564.65,1.5647
2015-08-01,FY 2015-16,PRD04,Aviation Turbine Fuel (ATF),Middle Distillate,474.59,0.4746
2015-08-01,FY 2015-16,PRD05,Naphtha,Light Distillate,823.9,0.8239
2015-08-01,FY 2015-16,PRD06,Petroleum Coke (Petcoke),Heavy Ends,1057.61,1.0576
2015-08-01,FY 2015-16,PRD07,Bitumen,Heavy Ends,327.83,0.3278
2015-08-01,FY 2015-16,PRD08,Fuel Oil (FO / LSHS),Heavy Ends,619.54,0.6195
2015-08-01,FY 2015-16,PRD09,Light Diesel Oil & Lubes,Others,956.95,0.957
2015-09-01,FY 2015-16,PRD01,High Speed Diesel (HSD),Middle Distillate,5836.65,5.8366
2015-09-01,FY 2015-16,PRD02,Motor Spirit (Petrol / MS),Light Distillate,2035.02,2.035
2015-09-01,FY 2015-16,PRD03,Liquefied Petroleum Gas (LPG),Light Distillate,1687.0,1.687
2015-09-01,FY 2015-16,PRD04,Aviation Turbine Fuel (ATF),Middle Distillate,515.97,0.516
2015-09-01,FY 2015-16,PRD05,Naphtha,Light Distillate,882.95,0.883
2015-09-01,FY 2015-16,PRD06,Petroleum Coke (Petcoke),Heavy Ends,1067.24,1.0672
2015-09-01,FY 2015-16,PRD07,Bitumen,Heavy Ends,599.44,0.5994
2015-09-01,FY 2015-16,PRD08,Fuel Oil (FO / LSHS),Heavy Ends,663.81,0.6638
2015-09-01,FY 2015-16,PRD09,Light Diesel Oil & Lubes,Others,1035.89,1.0359
2015-10-01,FY 2015-16,PRD01,High Speed Diesel (HSD),Middle Distillate,6118.79,6.1188
2015-10-01,FY 2015-16,PRD02,Motor Spirit (Petrol / MS),Light Distillate,2113.58,2.1136
2015-10-01,FY 2015-16,PRD03,Liquefied Petroleum Gas (LPG),Light Distillate,1768.36,1.7684
2015-10-01,FY 2015-16,PRD04,Aviation Turbine Fuel (ATF),Middle Distillate,557.75,0.5577
2015-10-01,FY 2015-16,PRD05,Naphtha,Light Distillate,924.2,0.9242
2015-10-01,FY 2015-16,PRD06,Petroleum Coke (Petcoke),Heavy Ends,1193.59,1.1936
2015-10-01,FY 2015-16,PRD07,Bitumen,Heavy Ends,626.38,0.6264
2015-10-01,FY 2015-16,PRD08,Fuel Oil (FO / LSHS),Heavy Ends,678.27,0.6783
2015-10-01,FY 2015-16,PRD09,Light Diesel Oil & Lubes,Others,1082.93,1.0829
2015-11-01,FY 2015-16,PRD01,High Speed Diesel (HSD),Middle Distillate,6137.94,6.1379
2015-11-01,FY 2015-16,PRD02,Motor Spirit (Petrol / MS),Light Distillate,2099.93,2.0999
2015-11-01,FY 2015-16,PRD03,Liquefied Petroleum Gas (LPG),Light Distillate,1808.81,1.8088
2015-11-01,FY 2015-16,PRD04,Aviation Turbine Fuel (ATF),Middle Distillate,554.94,0.5549
2015-11-01,FY 2015-16,PRD05,Naphtha,Light Distillate,941.24,0.9412
2015-11-01,FY 2015-16,PRD06,Petroleum Coke (Petcoke),Heavy Ends,1169.03,1.169
2015-11-01,FY 2015-16,PRD07,Bitumen,Heavy Ends,601.43,0.6014
2015-11-01,FY 2015-16,PRD08,Fuel Oil (FO / LSHS),Heavy Ends,692.68,0.6927
2015-11-01,FY 2015-16,PRD09,Light Diesel Oil & Lubes,Others,1101.41,1.1014
2015-12-01,FY 2015-16,PRD01,High Speed Diesel (HSD),Middle Distillate,6150.18,6.1502
2015-12-01,FY 2015-16,PRD02,Motor Spirit (Petrol / MS),Light Distillate,2108.4,2.1084
2015-12-01,FY 2015-16,PRD03,Liquefied Petroleum Gas (LPG),Light Distillate,1791.74,1.7917
2015-12-01,FY 2015-16,PRD04,Aviation Turbine Fuel (ATF),Middle Distillate,544.22,0.5442
2015-12-01,FY 2015-16,PRD05,Naphtha,Light Distillate,938.63,0.9386
2015-12-01,FY 2015-16,PRD06,Petroleum Coke (Petcoke),Heavy Ends,1181.68,1.1817
2015-12-01,FY 2015-16,PRD07,Bitumen,Heavy Ends,633.96,0.634
2015-12-01,FY 2015-16,PRD08,Fuel Oil (FO / LSHS),Heavy Ends,706.33,0.7063
2015-12-01,FY 2015-16,PRD09,Light Diesel Oil & Lubes,Others,1110.63,1.1106
2016-01-01,FY 2015-16,PRD01,High Speed Diesel (HSD),Middle Distillate,5866.89,5.8669
2016-01-01,FY 2015-16,PRD02,Motor Spirit (Petrol / MS),Light Distillate,2064.66,2.0647
2016-01-01,FY 2015-16,PRD03,Liquefied Petroleum Gas (LPG),Light Distillate,1728.93,1.7289
2016-01-01,FY 2015-16,PRD04,Aviation Turbine Fuel (ATF),Middle Distillate,503.61,0.5036
2016-01-01,FY 2015-16,PRD05,Naphtha,Light Distillate,872.66,0.8727
2016-01-01,FY 2015-16,PRD06,Petroleum Coke (Petcoke),Heavy Ends,1107.81,1.1078
2016-01-01,FY 2015-16,PRD07,Bitumen,Heavy Ends,586.88,0.5869
2016-01-01,FY 2015-16,PRD08,Fuel Oil (FO / LSHS),Heavy Ends,682.7,0.6827
2016-01-01,FY 2015-16,PRD09,Light Diesel Oil & Lubes,Others,1035.18,1.0352
2016-02-01,FY 2015-16,PRD01,High Speed Diesel (HSD),Middle Distillate,5894.13,5.8941
2016-02-01,FY 2015-16,PRD02,Motor Spirit (Petrol / MS),Light Distillate,2060.89,2.0609
2016-02-01,FY 2015-16,PRD03,Liquefied Petroleum Gas (LPG),Light Distillate,1746.2,1.7462
2016-02-01,FY 2015-16,PRD04,Aviation Turbine Fuel (ATF),Middle Distillate,524.26,0.5243
2016-02-01,FY 2015-16,PRD05,Naphtha,Light Distillate,895.71,0.8957
2016-02-01,FY 2015-16,PRD06,Petroleum Coke (Petcoke),Heavy Ends,1121.35,1.1213
2016-02-01,FY 2015-16,PRD07,Bitumen,Heavy Ends,618.31,0.6183
2016-02-01,FY 2015-16,PRD08,Fuel Oil (FO / LSHS),Heavy Ends,662.56,0.6626
2016-02-01,FY 2015-16,PRD09,Light Diesel Oil & Lubes,Others,1067.87,1.0679
2016-03-01,FY 2015-16,PRD01,High Speed Diesel (HSD),Middle Distillate,6223.63,6.2236
2016-03-01,FY 2015-16,PRD02,Motor Spirit (Petrol / MS),Light Distillate,2184.82,2.1848
2016-03-01,FY 2015-16,PRD03,Liquefied Petroleum Gas (LPG),Light Distillate,1863.82,1.8638
2016-03-01,FY 2015-16,PRD04,Aviation Turbine Fuel (ATF),Middle Distillate,536.4,0.5364
2016-03-01,FY 2015-16,PRD05,Naphtha,Light Distillate,941.37,0.9414
2016-03-01,FY 2015-16,PRD06,Petroleum Coke (Petcoke),Heavy Ends,1164.86,1.1649
2016-03-01,FY 2015-16,PRD07,Bitumen,Heavy Ends,645.41,0.6454
2016-03-01,FY 2015-16,PRD08,Fuel Oil (FO / LSHS),Heavy Ends,735.35,0.7354
2016-03-01,FY 2015-16,PRD09,Light Diesel Oil & Lubes,Others,1129.51,1.1295
2016-04-01,FY 2016-17,PRD01,High Speed Diesel (HSD),Middle Distillate,5959.88,5.9599
2016-04-01,FY 2016-17,PRD02,Motor Spirit (Petrol / MS),Light Distillate,2093.16,2.0932
2016-04-01,FY 2016-17,PRD03,Liquefied Petroleum Gas (LPG),Light Distillate,1743.8,1.7438
2016-04-01,FY 2016-17,PRD04,Aviation Turbine Fuel (ATF),Middle Distillate,502.73,0.5027
2016-04-01,FY 2016-17,PRD05,Naphtha,Light Distillate,935.34,0.9353
2016-04-01,FY 2016-17,PRD06,Petroleum Coke (Petcoke),Heavy Ends,1138.03,1.138
2016-04-01,FY 2016-17,PRD07,Bitumen,Heavy Ends,595.82,0.5958
2016-04-01,FY 2016-17,PRD08,Fuel Oil (FO / LSHS),Heavy Ends,698.52,0.6985
2016-04-01,FY 2016-17,PRD09,Light Diesel Oil & Lubes,Others,1041.01,1.041
2016-05-01,FY 2016-17,PRD01,High Speed Diesel (HSD),Middle Distillate,5964.85,5.9649
2016-05-01,FY 2016-17,PRD02,Motor Spirit (Petrol / MS),Light Distillate,2106.62,2.1066
2016-05-01,FY 2016-17,PRD03,Liquefied Petroleum Gas (LPG),Light Distillate,1768.83,1.7688
2016-05-01,FY 2016-17,PRD04,Aviation Turbine Fuel (ATF),Middle Distillate,528.71,0.5287
2016-05-01,FY 2016-17,PRD05,Naphtha,Light Distillate,886.24,0.8862
2016-05-01,FY 2016-17,PRD06,Petroleum Coke (Petcoke),Heavy Ends,1136.13,1.1361
2016-05-01,FY 2016-17,PRD07,Bitumen,Heavy Ends,621.07,0.6211
2016-05-01,FY 2016-17,PRD08,Fuel Oil (FO / LSHS),Heavy Ends,680.56,0.6806
2016-05-01,FY 2016-17,PRD09,Light Diesel Oil & Lubes,Others,1070.96,1.071
2016-06-01,FY 2016-17,PRD01,High Speed Diesel (HSD),Middle Distillate,5960.27,5.9603
2016-06-01,FY 2016-17,PRD02,Motor Spirit (Petrol / MS),Light Distillate,2121.94,2.1219
2016-06-01,FY 2016-17,PRD03,Liquefied Petroleum Gas (LPG),Light Distillate,1759.88,1.7599
2016-06-01,FY 2016-17,PRD04,Aviation Turbine Fuel (ATF),Middle Distillate,542.74,0.5427
2016-06-01,FY 2016-17,PRD05,Naphtha,Light Distillate,911.67,0.9117
2016-06-01,FY 2016-17,PRD06,Petroleum Coke (Petcoke),Heavy Ends,1149.35,1.1493
2016-06-01,FY 2016-17,PRD07,Bitumen,Heavy Ends,623.78,0.6238
2016-06-01,FY 2016-17,PRD08,Fuel Oil (FO / LSHS),Heavy Ends,693.77,0.6938
2016-06-01,FY 2016-17,PRD09,Light Diesel Oil & Lubes,Others,1067.16,1.0672
2016-07-01,FY 2016-17,PRD01,High Speed Diesel (HSD),Middle Distillate,5618.57,5.6186
2016-07-01,FY 2016-17,PRD02,Motor Spirit (Petrol / MS),Light Distillate,2007.33,2.0073
2016-07-01,FY 2016-17,PRD03,Liquefied Petroleum Gas (LPG),Light Distillate,1664.52,1.6645
2016-07-01,FY 2016-17,PRD04,Aviation Turbine Fuel (ATF),Middle Distillate,496.24,0.4962
2016-07-01,FY 2016-17,PRD05,Naphtha,Light Distillate,853.92,0.8539
2016-07-01,FY 2016-17,PRD06,Petroleum Coke (Petcoke),Heavy Ends,1059.72,1.0597
2016-07-01,FY 2016-17,PRD07,Bitumen,Heavy Ends,314.45,0.3145
2016-07-01,FY 2016-17,PRD08,Fuel Oil (FO / LSHS),Heavy Ends,634.63,0.6346
2016-07-01,FY 2016-17,PRD09,Light Diesel Oil & Lubes,Others,1005.69,1.0057
2016-08-01,FY 2016-17,PRD01,High Speed Diesel (HSD),Middle Distillate,5629.44,5.6294
2016-08-01,FY 2016-17,PRD02,Motor Spirit (Petrol / MS),Light Distillate,2020.03,2.02
2016-08-01,FY 2016-17,PRD03,Liquefied Petroleum Gas (LPG),Light Distillate,1710.46,1.7105
2016-08-01,FY 2016-17,PRD04,Aviation Turbine Fuel (ATF),Middle Distillate,518.5,0.5185
2016-08-01,FY 2016-17,PRD05,Naphtha,Light Distillate,887.2,0.8872
2016-08-01,FY 2016-17,PRD06,Petroleum Coke (Petcoke),Heavy Ends,1084.05,1.084
2016-08-01,FY 2016-17,PRD07,Bitumen,Heavy Ends,362.53,0.3625
2016-08-01,FY 2016-17,PRD08,Fuel Oil (FO / LSHS),Heavy Ends,636.05,0.6361
2016-08-01,FY 2016-17,PRD09,Light Diesel Oil & Lubes,Others,996.64,0.9966
2016-09-01,FY 2016-17,PRD01,High Speed Diesel (HSD),Middle Distillate,5986.32,5.9863
2016-09-01,FY 2016-17,PRD02,Motor Spirit (Petrol / MS),Light Distillate,2179.75,2.1797
2016-09-01,FY 2016-17,PRD03,Liquefied Petroleum Gas (LPG),Light Distillate,1822.5,1.8225
2016-09-01,FY 2016-17,PRD04,Aviation Turbine Fuel (ATF),Middle Distillate,528.84,0.5288
2016-09-01,FY 2016-17,PRD05,Naphtha,Light Distillate,916.99,0.917
2016-09-01,FY 2016-17,PRD06,Petroleum Coke (Petcoke),Heavy Ends,1139.69,1.1397
2016-09-01,FY 2016-17,PRD07,Bitumen,Heavy Ends,619.61,0.6196
2016-09-01,FY 2016-17,PRD08,Fuel Oil (FO / LSHS),Heavy Ends,707.47,0.7075
2016-09-01,FY 2016-17,PRD09,Light Diesel Oil & Lubes,Others,1048.13,1.0481
2016-10-01,FY 2016-17,PRD01,High Speed Diesel (HSD),Middle Distillate,6352.87,6.3529
2016-10-01,FY 2016-17,PRD02,Motor Spirit (Petrol / MS),Light Distillate,2279.86,2.2799
2016-10-01,FY 2016-17,PRD03,Liquefied Petroleum Gas (LPG),Light Distillate,1901.68,1.9017
2016-10-01,FY 2016-17,PRD04,Aviation Turbine Fuel (ATF),Middle Distillate,572.83,0.5728
2016-10-01,FY 2016-17,PRD05,Naphtha,Light Distillate,967.38,0.9674
2016-10-01,FY 2016-17,PRD06,Petroleum Coke (Petcoke),Heavy Ends,1211.2,1.2112
2016-10-01,FY 2016-17,PRD07,Bitumen,Heavy Ends,643.59,0.6436
2016-10-01,FY 2016-17,PRD08,Fuel Oil (FO / LSHS),Heavy Ends,742.2,0.7422
2016-10-01,FY 2016-17,PRD09,Light Diesel Oil & Lubes,Others,1138.18,1.1382
2016-11-01,FY 2016-17,PRD01,High Speed Diesel (HSD),Middle Distillate,6367.96,6.368
2016-11-01,FY 2016-17,PRD02,Motor Spirit (Petrol / MS),Light Distillate,2278.94,2.2789
2016-11-01,FY 2016-17,PRD03,Liquefied Petroleum Gas (LPG),Light Distillate,1904.93,1.9049
2016-11-01,FY 2016-17,PRD04,Aviation Turbine Fuel (ATF),Middle Distillate,581.39,0.5814
2016-11-01,FY 2016-17,PRD05,Naphtha,Light Distillate,974.13,0.9741
2016-11-01,FY 2016-17,PRD06,Petroleum Coke (Petcoke),Heavy Ends,1226.84,1.2268
2016-11-01,FY 2016-17,PRD07,Bitumen,Heavy Ends,675.54,0.6755
2016-11-01,FY 2016-17,PRD08,Fuel Oil (FO / LSHS),Heavy Ends,745.75,0.7458
2016-11-01,FY 2016-17,PRD09,Light Diesel Oil & Lubes,Others,1137.22,1.1372
2016-12-01,FY 2016-17,PRD01,High Speed Diesel (HSD),Middle Distillate,6374.88,6.3749
2016-12-01,FY 2016-17,PRD02,Motor Spirit (Petrol / MS),Light Distillate,2273.74,2.2737
2016-12-01,FY 2016-17,PRD03,Liquefied Petroleum Gas (LPG),Light Distillate,1918.75,1.9187
2016-12-01,FY 2016-17,PRD04,Aviation Turbine Fuel (ATF),Middle Distillate,564.98,0.565
2016-12-01,FY 2016-17,PRD05,Naphtha,Light Distillate,982.78,0.9828
2016-12-01,FY 2016-17,PRD06,Petroleum Coke (Petcoke),Heavy Ends,1218.84,1.2188
2016-12-01,FY 2016-17,PRD07,Bitumen,Heavy Ends,646.47,0.6465
2016-12-01,FY 2016-17,PRD08,Fuel Oil (FO / LSHS),Heavy Ends,706.0,0.706
2016-12-01,FY 2016-17,PRD09,Light Diesel Oil & Lubes,Others,1125.64,1.1256
2017-01-01,FY 2016-17,PRD01,High Speed Diesel (HSD),Middle Distillate,6102.78,6.1028
2017-01-01,FY 2016-17,PRD02,Motor Spirit (Petrol / MS),Light Distillate,2241.09,2.2411
2017-01-01,FY 2016-17,PRD03,Liquefied Petroleum Gas (LPG),Light Distillate,1838.51,1.8385
2017-01-01,FY 2016-17,PRD04,Aviation Turbine Fuel (ATF),Middle Distillate,549.52,0.5495
2017-01-01,FY 2016-17,PRD05,Naphtha,Light Distillate,947.89,0.9479
2017-01-01,FY 2016-17,PRD06,Petroleum Coke (Petcoke),Heavy Ends,1154.84,1.1548
2017-01-01,FY 2016-17,PRD07,Bitumen,Heavy Ends,627.9,0.6279
2017-01-01,FY 2016-17,PRD08,Fuel Oil (FO / LSHS),Heavy Ends,689.09,0.6891
2017-01-01,FY 2016-17,PRD09,Light Diesel Oil & Lubes,Others,1102.17,1.1022
2017-02-01,FY 2016-17,PRD01,High Speed Diesel (HSD),Middle Distillate,6114.89,6.1149
2017-02-01,FY 2016-17,PRD02,Motor Spirit (Petrol / MS),Light Distillate,2233.28,2.2333
2017-02-01,FY 2016-17,PRD03,Liquefied Petroleum Gas (LPG),Light Distillate,1838.44,1.8384
2017-02-01,FY 2016-17,PRD04,Aviation Turbine Fuel (ATF),Middle Distillate,557.07,0.5571
2017-02-01,FY 2016-17,PRD05,Naphtha,Light Distillate,968.07,0.9681
2017-02-01,FY 2016-17,PRD06,Petroleum Coke (Petcoke),Heavy Ends,1155.88,1.1559
2017-02-01,FY 2016-17,PRD07,Bitumen,Heavy Ends,619.44,0.6194
2017-02-01,FY 2016-17,PRD08,Fuel Oil (FO / LSHS),Heavy Ends,706.07,0.7061
2017-02-01,FY 2016-17,PRD09,Light Diesel Oil & Lubes,Others,1104.73,1.1047
2017-03-01,FY 2016-17,PRD01,High Speed Diesel (HSD),Middle Distillate,6427.67,6.4277
2017-03-01,FY 2016-17,PRD02,Motor Spirit (Petrol / MS),Light Distillate,2311.91,2.3119
2017-03-01,FY 2016-17,PRD03,Liquefied Petroleum Gas (LPG),Light Distillate,1973.83,1.9738
2017-03-01,FY 2016-17,PRD04,Aviation Turbine Fuel (ATF),Middle Distillate,587.16,0.5872
2017-03-01,FY 2016-17,PRD05,Naphtha,Light Distillate,960.86,0.9609
2017-03-01,FY 2016-17,PRD06,Petroleum Coke (Petcoke),Heavy Ends,1224.64,1.2246
2017-03-01,FY 2016-17,PRD07,Bitumen,Heavy Ends,681.52,0.6815
2017-03-01,FY 2016-17,PRD08,Fuel Oil (FO / LSHS),Heavy Ends,761.97,0.762
2017-03-01,FY 2016-17,PRD09,Light Diesel Oil & Lubes,Others,1165.58,1.1656
2017-04-01,FY 2017-18,PRD01,High Speed Diesel (HSD),Middle Distillate,6143.88,6.1439
2017-04-01,FY 2017-18,PRD02,Motor Spirit (Petrol / MS),Light Distillate,2257.06,2.2571
2017-04-01,FY 2017-18,PRD03,Liquefied Petroleum Gas (LPG),Light Distillate,1868.72,1.8687
2017-04-01,FY 2017-18,PRD04,Aviation Turbine Fuel (ATF),Middle Distillate,567.12,0.5671
2017-04-01,FY 2017-18,PRD05,Naphtha,Light Distillate,930.06,0.9301
2017-04-01,FY 2017-18,PRD06,Petroleum Coke (Petcoke),Heavy Ends,1166.91,1.1669
2017-04-01,FY 2017-18,PRD07,Bitumen,Heavy Ends,643.95,0.644
2017-04-01,FY 2017-18,PRD08,Fuel Oil (FO / LSHS),Heavy Ends,706.73,0.7067
2017-04-01,FY 2017-18,PRD09,Light Diesel Oil & Lubes,Others,1121.08,1.1211
2017-05-01,FY 2017-18,PRD01,High Speed Diesel (HSD),Middle Distillate,6153.36,6.1534
2017-05-01,FY 2017-18,PRD02,Motor Spirit (Petrol / MS),Light Distillate,2268.57,2.2686
2017-05-01,FY 2017-18,PRD03,Liquefied Petroleum Gas (LPG),Light Distillate,1867.13,1.8671
2017-05-01,FY 2017-18,PRD04,Aviation Turbine Fuel (ATF),Middle Distillate,552.18,0.5522
2017-05-01,FY 2017-18,PRD05,Naphtha,Light Distillate,924.22,0.9242
2017-05-01,FY 2017-18,PRD06,Petroleum Coke (Petcoke),Heavy Ends,1175.69,1.1757
2017-05-01,FY 2017-18,PRD07,Bitumen,Heavy Ends,609.39,0.6094
2017-05-01,FY 2017-18,PRD08,Fuel Oil (FO / LSHS),Heavy Ends,720.21,0.7202
2017-05-01,FY 2017-18,PRD09,Light Diesel Oil & Lubes,Others,1114.88,1.1149
2017-06-01,FY 2017-18,PRD01,High Speed Diesel (HSD),Middle Distillate,6154.36,6.1544
2017-06-01,FY 2017-18,PRD02,Motor Spirit (Petrol / MS),Light Distillate,2303.0,2.303
2017-06-01,FY 2017-18,PRD03,Liquefied Petroleum Gas (LPG),Light Distillate,1928.75,1.9287
2017-06-01,FY 2017-18,PRD04,Aviation Turbine Fuel (ATF),Middle Distillate,554.62,0.5546
2017-06-01,FY 2017-18,PRD05,Naphtha,Light Distillate,939.98,0.94
2017-06-01,FY 2017-18,PRD06,Petroleum Coke (Petcoke),Heavy Ends,1229.36,1.2294
2017-06-01,FY 2017-18,PRD07,Bitumen,Heavy Ends,613.28,0.6133
2017-06-01,FY 2017-18,PRD08,Fuel Oil (FO / LSHS),Heavy Ends,712.5,0.7125
2017-06-01,FY 2017-18,PRD09,Light Diesel Oil & Lubes,Others,1110.56,1.1106
2017-07-01,FY 2017-18,PRD01,High Speed Diesel (HSD),Middle Distillate,5845.52,5.8455
2017-07-01,FY 2017-18,PRD02,Motor Spirit (Petrol / MS),Light Distillate,2164.24,2.1642
2017-07-01,FY 2017-18,PRD03,Liquefied Petroleum Gas (LPG),Light Distillate,1780.05,1.78
2017-07-01,FY 2017-18,PRD04,Aviation Turbine Fuel (ATF),Middle Distillate,508.18,0.5082
2017-07-01,FY 2017-18,PRD05,Naphtha,Light Distillate,890.5,0.8905
2017-07-01,FY 2017-18,PRD06,Petroleum Coke (Petcoke),Heavy Ends,1104.44,1.1044
2017-07-01,FY 2017-18,PRD07,Bitumen,Heavy Ends,358.97,0.359
2017-07-01,FY 2017-18,PRD08,Fuel Oil (FO / LSHS),Heavy Ends,663.26,0.6633
2017-07-01,FY 2017-18,PRD09,Light Diesel Oil & Lubes,Others,1022.49,1.0225
2017-08-01,FY 2017-18,PRD01,High Speed Diesel (HSD),Middle Distillate,5859.99,5.86
2017-08-01,FY 2017-18,PRD02,Motor Spirit (Petrol / MS),Light Distillate,2164.25,2.1643
2017-08-01,FY 2017-18,PRD03,Liquefied Petroleum Gas (LPG),Light Distillate,1778.26,1.7783
2017-08-01,FY 2017-18,PRD04,Aviation Turbine Fuel (ATF),Middle Distillate,521.68,0.5217
2017-08-01,FY 2017-18,PRD05,Naphtha,Light Distillate,899.67,0.8997
2017-08-01,FY 2017-18,PRD06,Petroleum Coke (Petcoke),Heavy Ends,1097.1,1.0971
2017-08-01,FY 2017-18,PRD07,Bitumen,Heavy Ends,364.43,0.3644
2017-08-01,FY 2017-18,PRD08,Fuel Oil (FO / LSHS),Heavy Ends,658.27,0.6583
2017-08-01,FY 2017-18,PRD09,Light Diesel Oil & Lubes,Others,1074.08,1.0741
2017-09-01,FY 2017-18,PRD01,High Speed Diesel (HSD),Middle Distillate,6238.66,6.2387
2017-09-01,FY 2017-18,PRD02,Motor Spirit (Petrol / MS),Light Distillate,2318.06,2.3181
2017-09-01,FY 2017-18,PRD03,Liquefied Petroleum Gas (LPG),Light Distillate,1911.22,1.9112
2017-09-01,FY 2017-18,PRD04,Aviation Turbine Fuel (ATF),Middle Distillate,557.96,0.558
2017-09-01,FY 2017-18,PRD05,Naphtha,Light Distillate,968.39,0.9684
2017-09-01,FY 2017-18,PRD06,Petroleum Coke (Petcoke),Heavy Ends,1198.62,1.1986
2017-09-01,FY 2017-18,PRD07,Bitumen,Heavy Ends,636.21,0.6362
2017-09-01,FY 2017-18,PRD08,Fuel Oil (FO / LSHS),Heavy Ends,720.28,0.7203
2017-09-01,FY 2017-18,PRD09,Light Diesel Oil & Lubes,Others,1110.01,1.11
2017-10-01,FY 2017-18,PRD01,High Speed Diesel (HSD),Middle Distillate,6554.81,6.5548
2017-10-01,FY 2017-18,PRD02,Motor Spirit (Petrol / MS),Light Distillate,2423.43,2.4234
2017-10-01,FY 2017-18,PRD03,Liquefied Petroleum Gas (LPG),Light Distillate,2044.07,2.0441
2017-10-01,FY 2017-18,PRD04,Aviation Turbine Fuel (ATF),Middle Distillate,593.95,0.594
2017-10-01,FY 2017-18,PRD05,Naphtha,Light Distillate,998.92,0.9989
2017-10-01,FY 2017-18,PRD06,Petroleum Coke (Petcoke),Heavy Ends,1291.63,1.2916
2017-10-01,FY 2017-18,PRD07,Bitumen,Heavy Ends,674.99,0.675
2017-10-01,FY 2017-18,PRD08,Fuel Oil (FO / LSHS),Heavy Ends,742.35,0.7424
2017-10-01,FY 2017-18,PRD09,Light Diesel Oil & Lubes,Others,1191.79,1.1918
2017-11-01,FY 2017-18,PRD01,High Speed Diesel (HSD),Middle Distillate,6583.52,6.5835
2017-11-01,FY 2017-18,PRD02,Motor Spirit (Petrol / MS),Light Distillate,2475.14,2.4751
2017-11-01,FY 2017-18,PRD03,Liquefied Petroleum Gas (LPG),Light Distillate,2034.05,2.0341
2017-11-01,FY 2017-18,PRD04,Aviation Turbine Fuel (ATF),Middle Distillate,598.19,0.5982
2017-11-01,FY 2017-18,PRD05,Naphtha,Light Distillate,1009.95,1.01
2017-11-01,FY 2017-18,PRD06,Petroleum Coke (Petcoke),Heavy Ends,1275.69,1.2757
2017-11-01,FY 2017-18,PRD07,Bitumen,Heavy Ends,647.35,0.6473
2017-11-01,FY 2017-18,PRD08,Fuel Oil (FO / LSHS),Heavy Ends,753.9,0.7539
2017-11-01,FY 2017-18,PRD09,Light Diesel Oil & Lubes,Others,1208.69,1.2087
2017-12-01,FY 2017-18,PRD01,High Speed Diesel (HSD),Middle Distillate,6583.6,6.5836
2017-12-01,FY 2017-18,PRD02,Motor Spirit (Petrol / MS),Light Distillate,2474.7,2.4747
2017-12-01,FY 2017-18,PRD03,Liquefied Petroleum Gas (LPG),Light Distillate,2044.71,2.0447
2017-12-01,FY 2017-18,PRD04,Aviation Turbine Fuel (ATF),Middle Distillate,575.17,0.5752
2017-12-01,FY 2017-18,PRD05,Naphtha,Light Distillate,984.12,0.9841
2017-12-01,FY 2017-18,PRD06,Petroleum Coke (Petcoke),Heavy Ends,1268.09,1.2681
2017-12-01,FY 2017-18,PRD07,Bitumen,Heavy Ends,680.2,0.6802
2017-12-01,FY 2017-18,PRD08,Fuel Oil (FO / LSHS),Heavy Ends,762.14,0.7621
2017-12-01,FY 2017-18,PRD09,Light Diesel Oil & Lubes,Others,1184.61,1.1846
2018-01-01,FY 2017-18,PRD01,High Speed Diesel (HSD),Middle Distillate,6298.4,6.2984
2018-01-01,FY 2017-18,PRD02,Motor Spirit (Petrol / MS),Light Distillate,2394.72,2.3947
2018-01-01,FY 2017-18,PRD03,Liquefied Petroleum Gas (LPG),Light Distillate,1961.39,1.9614
2018-01-01,FY 2017-18,PRD04,Aviation Turbine Fuel (ATF),Middle Distillate,558.39,0.5584
2018-01-01,FY 2017-18,PRD05,Naphtha,Light Distillate,967.78,0.9678
2018-01-01,FY 2017-18,PRD06,Petroleum Coke (Petcoke),Heavy Ends,1223.69,1.2237
2018-01-01,FY 2017-18,PRD07,Bitumen,Heavy Ends,669.18,0.6692
2018-01-01,FY 2017-18,PRD08,Fuel Oil (FO / LSHS),Heavy Ends,719.58,0.7196
2018-01-01,FY 2017-18,PRD09,Light Diesel Oil & Lubes,Others,1135.48,1.1355
2018-02-01,FY 2017-18,PRD01,High Speed Diesel (HSD),Middle Distillate,6319.5,6.3195
2018-02-01,FY 2017-18,PRD02,Motor Spirit (Petrol / MS),Light Distillate,2378.41,2.3784
2018-02-01,FY 2017-18,PRD03,Liquefied Petroleum Gas (LPG),Light Distillate,1975.09,1.9751
2018-02-01,FY 2017-18,PRD04,Aviation Turbine Fuel (ATF),Middle Distillate,546.88,0.5469
2018-02-01,FY 2017-18,PRD05,Naphtha,Light Distillate,948.66,0.9487
2018-02-01,FY 2017-18,PRD06,Petroleum Coke (Petcoke),Heavy Ends,1224.5,1.2245
2018-02-01,FY 2017-18,PRD07,Bitumen,Heavy Ends,644.38,0.6444
2018-02-01,FY 2017-18,PRD08,Fuel Oil (FO / LSHS),Heavy Ends,734.43,0.7344
2018-02-01,FY 2017-18,PRD09,Light Diesel Oil & Lubes,Others,1137.46,1.1375
2018-03-01,FY 2017-18,PRD01,High Speed Diesel (HSD),Middle Distillate,6632.97,6.633
2018-03-01,FY 2017-18,PRD02,Motor Spirit (Petrol / MS),Light Distillate,2526.96,2.527
2018-03-01,FY 2017-18,PRD03,Liquefied Petroleum Gas (LPG),Light Distillate,2066.11,2.0661
2018-03-01,FY 2017-18,PRD04,Aviation Turbine Fuel (ATF),Middle Distillate,620.13,0.6201
2018-03-01,FY 2017-18,PRD05,Naphtha,Light Distillate,1006.98,1.007
2018-03-01,FY 2017-18,PRD06,Petroleum Coke (Petcoke),Heavy Ends,1281.21,1.2812
2018-03-01,FY 2017-18,PRD07,Bitumen,Heavy Ends,669.25,0.6693
2018-03-01,FY 2017-18,PRD08,Fuel Oil (FO / LSHS),Heavy Ends,779.05,0.779
2018-03-01,FY 2017-18,PRD09,Light Diesel Oil & Lubes,Others,1193.57,1.1936
2018-04-01,FY 2018-19,PRD01,High Speed Diesel (HSD),Middle Distillate,6339.9,6.3399
2018-04-01,FY 2018-19,PRD02,Motor Spirit (Petrol / MS),Light Distillate,2434.08,2.4341
2018-04-01,FY 2018-19,PRD03,Liquefied Petroleum Gas (LPG),Light Distillate,1996.36,1.9964
2018-04-01,FY 2018-19,PRD04,Aviation Turbine Fuel (ATF),Middle Distillate,580.35,0.5804
2018-04-01,FY 2018-19,PRD05,Naphtha,Light Distillate,966.88,0.9669
2018-04-01,FY 2018-19,PRD06,Petroleum Coke (Petcoke),Heavy Ends,1205.93,1.2059
2018-04-01,FY 2018-19,PRD07,Bitumen,Heavy Ends,656.01,0.656
2018-04-01,FY 2018-19,PRD08,Fuel Oil (FO / LSHS),Heavy Ends,731.42,0.7314
2018-04-01,FY 2018-19,PRD09,Light Diesel Oil & Lubes,Others,1154.6,1.1546
2018-05-01,FY 2018-19,PRD01,High Speed Diesel (HSD),Middle Distillate,6363.07,6.3631
2018-05-01,FY 2018-19,PRD02,Motor Spirit (Petrol / MS),Light Distillate,2438.4,2.4384
2018-05-01,FY 2018-19,PRD03,Liquefied Petroleum Gas (LPG),Light Distillate,1982.18,1.9822
2018-05-01,FY 2018-19,PRD04,Aviation Turbine Fuel (ATF),Middle Distillate,602.79,0.6028
2018-05-01,FY 2018-19,PRD05,Naphtha,Light Distillate,982.34,0.9823
2018-05-01,FY 2018-19,PRD06,Petroleum Coke (Petcoke),Heavy Ends,1241.46,1.2415
2018-05-01,FY 2018-19,PRD07,Bitumen,Heavy Ends,643.99,0.644
2018-05-01,FY 2018-19,PRD08,Fuel Oil (FO / LSHS),Heavy Ends,743.22,0.7432
2018-05-01,FY 2018-19,PRD09,Light Diesel Oil & Lubes,Others,1129.39,1.1294
2018-06-01,FY 2018-19,PRD01,High Speed Diesel (HSD),Middle Distillate,6387.61,6.3876
2018-06-01,FY 2018-19,PRD02,Motor Spirit (Petrol / MS),Light Distillate,2444.08,2.4441
2018-06-01,FY 2018-19,PRD03,Liquefied Petroleum Gas (LPG),Light Distillate,2017.6,2.0176
2018-06-01,FY 2018-19,PRD04,Aviation Turbine Fuel (ATF),Middle Distillate,586.8,0.5868
2018-06-01,FY 2018-19,PRD05,Naphtha,Light Distillate,969.51,0.9695
2018-06-01,FY 2018-19,PRD06,Petroleum Coke (Petcoke),Heavy Ends,1224.73,1.2247
2018-06-01,FY 2018-19,PRD07,Bitumen,Heavy Ends,665.53,0.6655
2018-06-01,FY 2018-19,PRD08,Fuel Oil (FO / LSHS),Heavy Ends,772.47,0.7725
2018-06-01,FY 2018-19,PRD09,Light Diesel Oil & Lubes,Others,1150.6,1.1506
2018-07-01,FY 2018-19,PRD01,High Speed Diesel (HSD),Middle Distillate,6022.39,6.0224
2018-07-01,FY 2018-19,PRD02,Motor Spirit (Petrol / MS),Light Distillate,2314.13,2.3141
2018-07-01,FY 2018-19,PRD03,Liquefied Petroleum Gas (LPG),Light Distillate,1935.29,1.9353
2018-07-01,FY 2018-19,PRD04,Aviation Turbine Fuel (ATF),Middle Distillate,517.3,0.5173
2018-07-01,FY 2018-19,PRD05,Naphtha,Light Distillate,933.15,0.9331
2018-07-01,FY 2018-19,PRD06,Petroleum Coke (Petcoke),Heavy Ends,1140.28,1.1403
2018-07-01,FY 2018-19,PRD07,Bitumen,Heavy Ends,335.09,0.3351
2018-07-01,FY 2018-19,PRD08,Fuel Oil (FO / LSHS),Heavy Ends,703.26,0.7033
2018-07-01,FY 2018-19,PRD09,Light Diesel Oil & Lubes,Others,1089.11,1.0891
2018-08-01,FY 2018-19,PRD01,High Speed Diesel (HSD),Middle Distillate,6024.77,6.0248
2018-08-01,FY 2018-19,PRD02,Motor Spirit (Petrol / MS),Light Distillate,2327.46,2.3275
2018-08-01,FY 2018-19,PRD03,Liquefied Petroleum Gas (LPG),Light Distillate,1962.68,1.9627
2018-08-01,FY 2018-19,PRD04,Aviation Turbine Fuel (ATF),Middle Distillate,541.39,0.5414
2018-08-01,FY 2018-19,PRD05,Naphtha,Light Distillate,942.39,0.9424
2018-08-01,FY 2018-19,PRD06,Petroleum Coke (Petcoke),Heavy Ends,1158.68,1.1587
2018-08-01,FY 2018-19,PRD07,Bitumen,Heavy Ends,378.32,0.3783
2018-08-01,FY 2018-19,PRD08,Fuel Oil (FO / LSHS),Heavy Ends,697.48,0.6975
2018-08-01,FY 2018-19,PRD09,Light Diesel Oil & Lubes,Others,1084.37,1.0844
2018-09-01,FY 2018-19,PRD01,High Speed Diesel (HSD),Middle Distillate,6457.65,6.4576
2018-09-01,FY 2018-19,PRD02,Motor Spirit (Petrol / MS),Light Distillate,2509.58,2.5096
2018-09-01,FY 2018-19,PRD03,Liquefied Petroleum Gas (LPG),Light Distillate,2051.29,2.0513
2018-09-01,FY 2018-19,PRD04,Aviation Turbine Fuel (ATF),Middle Distillate,547.37,0.5474
2018-09-01,FY 2018-19,PRD05,Naphtha,Light Distillate,992.18,0.9922
2018-09-01,FY 2018-19,PRD06,Petroleum Coke (Petcoke),Heavy Ends,1287.55,1.2875
2018-09-01,FY 2018-19,PRD07,Bitumen,Heavy Ends,661.61,0.6616
2018-09-01,FY 2018-19,PRD08,Fuel Oil (FO / LSHS),Heavy Ends,764.75,0.7648
2018-09-01,FY 2018-19,PRD09,Light Diesel Oil & Lubes,Others,1185.5,1.1855
2018-10-01,FY 2018-19,PRD01,High Speed Diesel (HSD),Middle Distillate,6772.45,6.7725
2018-10-01,FY 2018-19,PRD02,Motor Spirit (Petrol / MS),Light Distillate,2618.85,2.6189
2018-10-01,FY 2018-19,PRD03,Liquefied Petroleum Gas (LPG),Light Distillate,2126.45,2.1264
2018-10-01,FY 2018-19,PRD04,Aviation Turbine Fuel (ATF),Middle Distillate,623.25,0.6232
2018-10-01,FY 2018-19,PRD05,Naphtha,Light Distillate,1038.62,1.0386
2018-10-01,FY 2018-19,PRD06,Petroleum Coke (Petcoke),Heavy Ends,1316.19,1.3162
2018-10-01,FY 2018-19,PRD07,Bitumen,Heavy Ends,681.81,0.6818
2018-10-01,FY 2018-19,PRD08,Fuel Oil (FO / LSHS),Heavy Ends,784.15,0.7842
2018-10-01,FY 2018-19,PRD09,Light Diesel Oil & Lubes,Others,1226.49,1.2265
2018-11-01,FY 2018-19,PRD01,High Speed Diesel (HSD),Middle Distillate,6790.44,6.7904
2018-11-01,FY 2018-19,PRD02,Motor Spirit (Petrol / MS),Light Distillate,2629.76,2.6298
2018-11-01,FY 2018-19,PRD03,Liquefied Petroleum Gas (LPG),Light Distillate,2192.24,2.1922
2018-11-01,FY 2018-19,PRD04,Aviation Turbine Fuel (ATF),Middle Distillate,606.0,0.606
2018-11-01,FY 2018-19,PRD05,Naphtha,Light Distillate,1029.08,1.0291
2018-11-01,FY 2018-19,PRD06,Petroleum Coke (Petcoke),Heavy Ends,1316.11,1.3161
2018-11-01,FY 2018-19,PRD07,Bitumen,Heavy Ends,703.32,0.7033
2018-11-01,FY 2018-19,PRD08,Fuel Oil (FO / LSHS),Heavy Ends,793.06,0.7931
2018-11-01,FY 2018-19,PRD09,Light Diesel Oil & Lubes,Others,1250.33,1.2503
2018-12-01,FY 2018-19,PRD01,High Speed Diesel (HSD),Middle Distillate,6800.09,6.8001
2018-12-01,FY 2018-19,PRD02,Motor Spirit (Petrol / MS),Light Distillate,2659.73,2.6597
2018-12-01,FY 2018-19,PRD03,Liquefied Petroleum Gas (LPG),Light Distillate,2169.08,2.1691
2018-12-01,FY 2018-19,PRD04,Aviation Turbine Fuel (ATF),Middle Distillate,629.22,0.6292
2018-12-01,FY 2018-19,PRD05,Naphtha,Light Distillate,1060.32,1.0603
2018-12-01,FY 2018-19,PRD06,Petroleum Coke (Petcoke),Heavy Ends,1315.65,1.3156
2018-12-01,FY 2018-19,PRD07,Bitumen,Heavy Ends,676.47,0.6765
2018-12-01,FY 2018-19,PRD08,Fuel Oil (FO / LSHS),Heavy Ends,814.84,0.8148
2018-12-01,FY 2018-19,PRD09,Light Diesel Oil & Lubes,Others,1215.4,1.2154
2019-01-01,FY 2018-19,PRD01,High Speed Diesel (HSD),Middle Distillate,6487.16,6.4872
2019-01-01,FY 2018-19,PRD02,Motor Spirit (Petrol / MS),Light Distillate,2554.53,2.5545
2019-01-01,FY 2018-19,PRD03,Liquefied Petroleum Gas (LPG),Light Distillate,2074.42,2.0744
2019-01-01,FY 2018-19,PRD04,Aviation Turbine Fuel (ATF),Middle Distillate,567.0,0.567
2019-01-01,FY 2018-19,PRD05,Naphtha,Light Distillate,978.54,0.9785
2019-01-01,FY 2018-19,PRD06,Petroleum Coke (Petcoke),Heavy Ends,1273.81,1.2738
2019-01-01,FY 2018-19,PRD07,Bitumen,Heavy Ends,665.42,0.6654
2019-01-01,FY 2018-19,PRD08,Fuel Oil (FO / LSHS),Heavy Ends,801.71,0.8017
2019-01-01,FY 2018-19,PRD09,Light Diesel Oil & Lubes,Others,1163.88,1.1639
2019-02-01,FY 2018-19,PRD01,High Speed Diesel (HSD),Middle Distillate,6498.56,6.4986
2019-02-01,FY 2018-19,PRD02,Motor Spirit (Petrol / MS),Light Distillate,2555.08,2.5551
2019-02-01,FY 2018-19,PRD03,Liquefied Petroleum Gas (LPG),Light Distillate,2106.87,2.1069
2019-02-01,FY 2018-19,PRD04,Aviation Turbine Fuel (ATF),Middle Distillate,584.21,0.5842
2019-02-01,FY 2018-19,PRD05,Naphtha,Light Distillate,1022.78,1.0228
2019-02-01,FY 2018-19,PRD06,Petroleum Coke (Petcoke),Heavy Ends,1252.32,1.2523
2019-02-01,FY 2018-19,PRD07,Bitumen,Heavy Ends,655.01,0.655
2019-02-01,FY 2018-19,PRD08,Fuel Oil (FO / LSHS),Heavy Ends,733.23,0.7332
2019-02-01,FY 2018-19,PRD09,Light Diesel Oil & Lubes,Others,1149.18,1.1492
2019-03-01,FY 2018-19,PRD01,High Speed Diesel (HSD),Middle Distillate,6847.37,6.8474
2019-03-01,FY 2018-19,PRD02,Motor Spirit (Petrol / MS),Light Distillate,2702.4,2.7024
2019-03-01,FY 2018-19,PRD03,Liquefied Petroleum Gas (LPG),Light Distillate,2210.33,2.2103
2019-03-01,FY 2018-19,PRD04,Aviation Turbine Fuel (ATF),Middle Distillate,641.44,0.6414
2019-03-01,FY 2018-19,PRD05,Naphtha,Light Distillate,1086.06,1.0861
2019-03-01,FY 2018-19,PRD06,Petroleum Coke (Petcoke),Heavy Ends,1329.53,1.3295
2019-03-01,FY 2018-19,PRD07,Bitumen,Heavy Ends,684.85,0.6849
2019-03-01,FY 2018-19,PRD08,Fuel Oil (FO / LSHS),Heavy Ends,792.23,0.7922
2019-03-01,FY 2018-19,PRD09,Light Diesel Oil & Lubes,Others,1236.58,1.2366
2019-04-01,FY 2019-20,PRD01,High Speed Diesel (HSD),Middle Distillate,6535.14,6.5351
2019-04-01,FY 2019-20,PRD02,Motor Spirit (Petrol / MS),Light Distillate,2582.03,2.582
2019-04-01,FY 2019-20,PRD03,Liquefied Petroleum Gas (LPG),Light Distillate,2115.2,2.1152
2019-04-01,FY 2019-20,PRD04,Aviation Turbine Fuel (ATF),Middle Distillate,589.2,0.5892
2019-04-01,FY 2019-20,PRD05,Naphtha,Light Distillate,1010.47,1.0105
2019-04-01,FY 2019-20,PRD06,Petroleum Coke (Petcoke),Heavy Ends,1278.12,1.2781
2019-04-01,FY 2019-20,PRD07,Bitumen,Heavy Ends,685.41,0.6854
2019-04-01,FY 2019-20,PRD08,Fuel Oil (FO / LSHS),Heavy Ends,751.34,0.7513
2019-04-01,FY 2019-20,PRD09,Light Diesel Oil & Lubes,Others,1209.07,1.2091
2019-05-01,FY 2019-20,PRD01,High Speed Diesel (HSD),Middle Distillate,6546.57,6.5466
2019-05-01,FY 2019-20,PRD02,Motor Spirit (Petrol / MS),Light Distillate,2582.76,2.5828
2019-05-01,FY 2019-20,PRD03,Liquefied Petroleum Gas (LPG),Light Distillate,2141.64,2.1416
2019-05-01,FY 2019-20,PRD04,Aviation Turbine Fuel (ATF),Middle Distillate,584.61,0.5846
2019-05-01,FY 2019-20,PRD05,Naphtha,Light Distillate,1028.02,1.028
2019-05-01,FY 2019-20,PRD06,Petroleum Coke (Petcoke),Heavy Ends,1242.94,1.2429
2019-05-01,FY 2019-20,PRD07,Bitumen,Heavy Ends,703.02,0.703
2019-05-01,FY 2019-20,PRD08,Fuel Oil (FO / LSHS),Heavy Ends,777.48,0.7775
2019-05-01,FY 2019-20,PRD09,Light Diesel Oil & Lubes,Others,1171.23,1.1712
2019-06-01,FY 2019-20,PRD01,High Speed Diesel (HSD),Middle Distillate,6555.33,6.5553
2019-06-01,FY 2019-20,PRD02,Motor Spirit (Petrol / MS),Light Distillate,2646.68,2.6467
2019-06-01,FY 2019-20,PRD03,Liquefied Petroleum Gas (LPG),Light Distillate,2135.83,2.1358
2019-06-01,FY 2019-20,PRD04,Aviation Turbine Fuel (ATF),Middle Distillate,586.22,0.5862
2019-06-01,FY 2019-20,PRD05,Naphtha,Light Distillate,992.41,0.9924
2019-06-01,FY 2019-20,PRD06,Petroleum Coke (Petcoke),Heavy Ends,1277.74,1.2777
2019-06-01,FY 2019-20,PRD07,Bitumen,Heavy Ends,680.85,0.6809
2019-06-01,FY 2019-20,PRD08,Fuel Oil (FO / LSHS),Heavy Ends,780.53,0.7805
2019-06-01,FY 2019-20,PRD09,Light Diesel Oil & Lubes,Others,1176.48,1.1765
2019-07-01,FY 2019-20,PRD01,High Speed Diesel (HSD),Middle Distillate,6175.3,6.1753
2019-07-01,FY 2019-20,PRD02,Motor Spirit (Petrol / MS),Light Distillate,2484.8,2.4848
2019-07-01,FY 2019-20,PRD03,Liquefied Petroleum Gas (LPG),Light Distillate,2043.5,2.0435
2019-07-01,FY 2019-20,PRD04,Aviation Turbine Fuel (ATF),Middle Distillate,541.0,0.541
2019-07-01,FY 2019-20,PRD05,Naphtha,Light Distillate,984.05,0.984
2019-07-01,FY 2019-20,PRD06,Petroleum Coke (Petcoke),Heavy Ends,1210.34,1.2103
2019-07-01,FY 2019-20,PRD07,Bitumen,Heavy Ends,403.51,0.4035
2019-07-01,FY 2019-20,PRD08,Fuel Oil (FO / LSHS),Heavy Ends,724.81,0.7248
2019-07-01,FY 2019-20,PRD09,Light Diesel Oil & Lubes,Others,1091.29,1.0913
2019-08-01,FY 2019-20,PRD01,High Speed Diesel (HSD),Middle Distillate,6211.05,6.2111
2019-08-01,FY 2019-20,PRD02,Motor Spirit (Petrol / MS),Light Distillate,2507.7,2.5077
2019-08-01,FY 2019-20,PRD03,Liquefied Petroleum Gas (LPG),Light Distillate,2025.34,2.0253
2019-08-01,FY 2019-20,PRD04,Aviation Turbine Fuel (ATF),Middle Distillate,560.5,0.5605
2019-08-01,FY 2019-20,PRD05,Naphtha,Light Distillate,968.19,0.9682
2019-08-01,FY 2019-20,PRD06,Petroleum Coke (Petcoke),Heavy Ends,1170.05,1.1701
2019-08-01,FY 2019-20,PRD07,Bitumen,Heavy Ends,413.4,0.4134
2019-08-01,FY 2019-20,PRD08,Fuel Oil (FO / LSHS),Heavy Ends,714.6,0.7146
2019-08-01,FY 2019-20,PRD09,Light Diesel Oil & Lubes,Others,1140.22,1.1402
2019-09-01,FY 2019-20,PRD01,High Speed Diesel (HSD),Middle Distillate,6624.78,6.6248
2019-09-01,FY 2019-20,PRD02,Motor Spirit (Petrol / MS),Light Distillate,2684.41,2.6844
2019-09-01,FY 2019-20,PRD03,Liquefied Petroleum Gas (LPG),Light Distillate,2186.01,2.186
2019-09-01,FY 2019-20,PRD04,Aviation Turbine Fuel (ATF),Middle Distillate,600.81,0.6008
2019-09-01,FY 2019-20,PRD05,Naphtha,Light Distillate,1022.6,1.0226
2019-09-01,FY 2019-20,PRD06,Petroleum Coke (Petcoke),Heavy Ends,1306.97,1.307
2019-09-01,FY 2019-20,PRD07,Bitumen,Heavy Ends,662.57,0.6626
2019-09-01,FY 2019-20,PRD08,Fuel Oil (FO / LSHS),Heavy Ends,786.69,0.7867
2019-09-01,FY 2019-20,PRD09,Light Diesel Oil & Lubes,Others,1192.18,1.1922
2019-10-01,FY 2019-20,PRD01,High Speed Diesel (HSD),Middle Distillate,6993.12,6.9931
2019-10-01,FY 2019-20,PRD02,Motor Spirit (Petrol / MS),Light Distillate,2816.7,2.8167
2019-10-01,FY 2019-20,PRD03,Liquefied Petroleum Gas (LPG),Light Distillate,2310.19,2.3102
2019-10-01,FY 2019-20,PRD04,Aviation Turbine Fuel (ATF),Middle Distillate,637.74,0.6377
2019-10-01,FY 2019-20,PRD05,Naphtha,Light Distillate,1064.87,1.0649
2019-10-01,FY 2019-20,PRD06,Petroleum Coke (Petcoke),Heavy Ends,1351.04,1.351
2019-10-01,FY 2019-20,PRD07,Bitumen,Heavy Ends,737.53,0.7375
2019-10-01,FY 2019-20,PRD08,Fuel Oil (FO / LSHS),Heavy Ends,820.87,0.8209
2019-10-01,FY 2019-20,PRD09,Light Diesel Oil & Lubes,Others,1290.73,1.2907
2019-11-01,FY 2019-20,PRD01,High Speed Diesel (HSD),Middle Distillate,6997.3,6.9973
2019-11-01,FY 2019-20,PRD02,Motor Spirit (Petrol / MS),Light Distillate,2815.29,2.8153
2019-11-01,FY 2019-20,PRD03,Liquefied Petroleum Gas (LPG),Light Distillate,2300.23,2.3002
2019-11-01,FY 2019-20,PRD04,Aviation Turbine Fuel (ATF),Middle Distillate,640.01,0.64
2019-11-01,FY 2019-20,PRD05,Naphtha,Light Distillate,1059.81,1.0598
2019-11-01,FY 2019-20,PRD06,Petroleum Coke (Petcoke),Heavy Ends,1393.25,1.3933
2019-11-01,FY 2019-20,PRD07,Bitumen,Heavy Ends,736.31,0.7363
2019-11-01,FY 2019-20,PRD08,Fuel Oil (FO / LSHS),Heavy Ends,839.3,0.8393
2019-11-01,FY 2019-20,PRD09,Light Diesel Oil & Lubes,Others,1253.23,1.2532
2019-12-01,FY 2019-20,PRD01,High Speed Diesel (HSD),Middle Distillate,7026.8,7.0268
2019-12-01,FY 2019-20,PRD02,Motor Spirit (Petrol / MS),Light Distillate,2878.81,2.8788
2019-12-01,FY 2019-20,PRD03,Liquefied Petroleum Gas (LPG),Light Distillate,2304.03,2.304
2019-12-01,FY 2019-20,PRD04,Aviation Turbine Fuel (ATF),Middle Distillate,652.0,0.652
2019-12-01,FY 2019-20,PRD05,Naphtha,Light Distillate,1097.9,1.0979
2019-12-01,FY 2019-20,PRD06,Petroleum Coke (Petcoke),Heavy Ends,1349.18,1.3492
2019-12-01,FY 2019-20,PRD07,Bitumen,Heavy Ends,739.31,0.7393
2019-12-01,FY 2019-20,PRD08,Fuel Oil (FO / LSHS),Heavy Ends,835.91,0.8359
2019-12-01,FY 2019-20,PRD09,Light Diesel Oil & Lubes,Others,1271.84,1.2718
2020-01-01,FY 2019-20,PRD01,High Speed Diesel (HSD),Middle Distillate,6707.96,6.708
2020-01-01,FY 2019-20,PRD02,Motor Spirit (Petrol / MS),Light Distillate,2699.69,2.6997
2020-01-01,FY 2019-20,PRD03,Liquefied Petroleum Gas (LPG),Light Distillate,2201.91,2.2019
2020-01-01,FY 2019-20,PRD04,Aviation Turbine Fuel (ATF),Middle Distillate,613.85,0.6139
2020-01-01,FY 2019-20,PRD05,Naphtha,Light Distillate,1049.18,1.0492
2020-01-01,FY 2019-20,PRD06,Petroleum Coke (Petcoke),Heavy Ends,1300.25,1.3002
2020-01-01,FY 2019-20,PRD07,Bitumen,Heavy Ends,711.34,0.7113
2020-01-01,FY 2019-20,PRD08,Fuel Oil (FO / LSHS),Heavy Ends,794.56,0.7946
2020-01-01,FY 2019-20,PRD09,Light Diesel Oil & Lubes,Others,1236.47,1.2365
2020-02-01,FY 2019-20,PRD01,High Speed Diesel (HSD),Middle Distillate,6704.65,6.7046
2020-02-01,FY 2019-20,PRD02,Motor Spirit (Petrol / MS),Light Distillate,2748.62,2.7486
2020-02-01,FY 2019-20,PRD03,Liquefied Petroleum Gas (LPG),Light Distillate,2228.82,2.2288
2020-02-01,FY 2019-20,PRD04,Aviation Turbine Fuel (ATF),Middle Distillate,644.47,0.6445
2020-02-01,FY 2019-20,PRD05,Naphtha,Light Distillate,1039.81,1.0398
2020-02-01,FY 2019-20,PRD06,Petroleum Coke (Petcoke),Heavy Ends,1346.58,1.3466
2020-02-01,FY 2019-20,PRD07,Bitumen,Heavy Ends,701.86,0.7019
2020-02-01,FY 2019-20,PRD08,Fuel Oil (FO / LSHS),Heavy Ends,768.37,0.7684
2020-02-01,FY 2019-20,PRD09,Light Diesel Oil & Lubes,Others,1247.85,1.2478
2020-03-01,FY 2019-20,PRD01,High Speed Diesel (HSD),Middle Distillate,7060.52,7.0605
2020-03-01,FY 2019-20,PRD02,Motor Spirit (Petrol / MS),Light Distillate,2905.0,2.905
2020-03-01,FY 2019-20,PRD03,Liquefied Petroleum Gas (LPG),Light Distillate,2377.39,2.3774
2020-03-01,FY 2019-20,PRD04,Aviation Turbine Fuel (ATF),Middle Distillate,651.38,0.6514
2020-03-01,FY 2019-20,PRD05,Naphtha,Light Distillate,1099.08,1.0991
2020-03-01,FY 2019-20,PRD06,Petroleum Coke (Petcoke),Heavy Ends,1399.59,1.3996
2020-03-01,FY 2019-20,PRD07,Bitumen,Heavy Ends,738.65,0.7387
2020-03-01,FY 2019-20,PRD08,Fuel Oil (FO / LSHS),Heavy Ends,841.26,0.8413
2020-03-01,FY 2019-20,PRD09,Light Diesel Oil & Lubes,Others,1260.31,1.2603
2020-04-01,FY 2020-21,PRD01,High Speed Diesel (HSD),Middle Distillate,3510.71,3.5107
2020-04-01,FY 2020-21,PRD02,Motor Spirit (Petrol / MS),Light Distillate,1430.55,1.4305
2020-04-01,FY 2020-21,PRD03,Liquefied Petroleum Gas (LPG),Light Distillate,1198.92,1.1989
2020-04-01,FY 2020-21,PRD04,Aviation Turbine Fuel (ATF),Middle Distillate,330.39,0.3304
2020-04-01,FY 2020-21,PRD05,Naphtha,Light Distillate,553.97,0.554
2020-04-01,FY 2020-21,PRD06,Petroleum Coke (Petcoke),Heavy Ends,695.25,0.6953
2020-04-01,FY 2020-21,PRD07,Bitumen,Heavy Ends,351.94,0.3519
2020-04-01,FY 2020-21,PRD08,Fuel Oil (FO / LSHS),Heavy Ends,437.12,0.4371
2020-04-01,FY 2020-21,PRD09,Light Diesel Oil & Lubes,Others,671.97,0.672
2020-05-01,FY 2020-21,PRD01,High Speed Diesel (HSD),Middle Distillate,4869.08,4.8691
2020-05-01,FY 2020-21,PRD02,Motor Spirit (Petrol / MS),Light Distillate,2028.69,2.0287
2020-05-01,FY 2020-21,PRD03,Liquefied Petroleum Gas (LPG),Light Distillate,1625.27,1.6253
2020-05-01,FY 2020-21,PRD04,Aviation Turbine Fuel (ATF),Middle Distillate,433.92,0.4339
2020-05-01,FY 2020-21,PRD05,Naphtha,Light Distillate,764.97,0.765
2020-05-01,FY 2020-21,PRD06,Petroleum Coke (Petcoke),Heavy Ends,961.96,0.962
2020-05-01,FY 2020-21,PRD07,Bitumen,Heavy Ends,503.66,0.5037
2020-05-01,FY 2020-21,PRD08,Fuel Oil (FO / LSHS),Heavy Ends,581.33,0.5813
2020-05-01,FY 2020-21,PRD09,Light Diesel Oil & Lubes,Others,896.34,0.8963
2020-06-01,FY 2020-21,PRD01,High Speed Diesel (HSD),Middle Distillate,6755.38,6.7554
2020-06-01,FY 2020-21,PRD02,Motor Spirit (Petrol / MS),Light Distillate,2807.32,2.8073
2020-06-01,FY 2020-21,PRD03,Liquefied Petroleum Gas (LPG),Light Distillate,2293.4,2.2934
2020-06-01,FY 2020-21,PRD04,Aviation Turbine Fuel (ATF),Middle Distillate,623.71,0.6237
2020-06-01,FY 2020-21,PRD05,Naphtha,Light Distillate,1082.09,1.0821
2020-06-01,FY 2020-21,PRD06,Petroleum Coke (Petcoke),Heavy Ends,1312.74,1.3127
2020-06-01,FY 2020-21,PRD07,Bitumen,Heavy Ends,716.89,0.7169
2020-06-01,FY 2020-21,PRD08,Fuel Oil (FO / LSHS),Heavy Ends,781.05,0.781
2020-06-01,FY 2020-21,PRD09,Light Diesel Oil & Lubes,Others,1225.56,1.2256
2020-07-01,FY 2020-21,PRD01,High Speed Diesel (HSD),Middle Distillate,6369.61,6.3696
2020-07-01,FY 2020-21,PRD02,Motor Spirit (Petrol / MS),Light Distillate,2631.62,2.6316
2020-07-01,FY 2020-21,PRD03,Liquefied Petroleum Gas (LPG),Light Distillate,2146.03,2.146
2020-07-01,FY 2020-21,PRD04,Aviation Turbine Fuel (ATF),Middle Distillate,582.41,0.5824
2020-07-01,FY 2020-21,PRD05,Naphtha,Light Distillate,1016.48,1.0165
2020-07-01,FY 2020-21,PRD06,Petroleum Coke (Petcoke),Heavy Ends,1250.08,1.2501
2020-07-01,FY 2020-21,PRD07,Bitumen,Heavy Ends,377.78,0.3778
2020-07-01,FY 2020-21,PRD08,Fuel Oil (FO / LSHS),Heavy Ends,770.04,0.77
2020-07-01,FY 2020-21,PRD09,Light Diesel Oil & Lubes,Others,1158.68,1.1587
2020-08-01,FY 2020-21,PRD01,High Speed Diesel (HSD),Middle Distillate,6393.11,6.3931
2020-08-01,FY 2020-21,PRD02,Motor Spirit (Petrol / MS),Light Distillate,2666.67,2.6667
2020-08-01,FY 2020-21,PRD03,Liquefied Petroleum Gas (LPG),Light Distillate,2167.89,2.1679
2020-08-01,FY 2020-21,PRD04,Aviation Turbine Fuel (ATF),Middle Distillate,603.79,0.6038
2020-08-01,FY 2020-21,PRD05,Naphtha,Light Distillate,1014.11,1.0141
2020-08-01,FY 2020-21,PRD06,Petroleum Coke (Petcoke),Heavy Ends,1245.74,1.2457
2020-08-01,FY 2020-21,PRD07,Bitumen,Heavy Ends,435.45,0.4355
2020-08-01,FY 2020-21,PRD08,Fuel Oil (FO / LSHS),Heavy Ends,758.11,0.7581
2020-08-01,FY 2020-21,PRD09,Light Diesel Oil & Lubes,Others,1172.54,1.1725
2020-09-01,FY 2020-21,PRD01,High Speed Diesel (HSD),Middle Distillate,6832.42,6.8324
2020-09-01,FY 2020-21,PRD02,Motor Spirit (Petrol / MS),Light Distillate,2848.66,2.8487
2020-09-01,FY 2020-21,PRD03,Liquefied Petroleum Gas (LPG),Light Distillate,2320.43,2.3204
2020-09-01,FY 2020-21,PRD04,Aviation Turbine Fuel (ATF),Middle Distillate,664.12,0.6641
2020-09-01,FY 2020-21,PRD05,Naphtha,Light Distillate,1070.27,1.0703
2020-09-01,FY 2020-21,PRD06,Petroleum Coke (Petcoke),Heavy Ends,1338.23,1.3382
2020-09-01,FY 2020-21,PRD07,Bitumen,Heavy Ends,718.02,0.718
2020-09-01,FY 2020-21,PRD08,Fuel Oil (FO / LSHS),Heavy Ends,821.87,0.8219
2020-09-01,FY 2020-21,PRD09,Light Diesel Oil & Lubes,Others,1230.87,1.2309
2020-10-01,FY 2020-21,PRD01,High Speed Diesel (HSD),Middle Distillate,7145.99,7.146
2020-10-01,FY 2020-21,PRD02,Motor Spirit (Petrol / MS),Light Distillate,2994.33,2.9943
2020-10-01,FY 2020-21,PRD03,Liquefied Petroleum Gas (LPG),Light Distillate,2417.6,2.4176
2020-10-01,FY 2020-21,PRD04,Aviation Turbine Fuel (ATF),Middle Distillate,653.66,0.6537
2020-10-01,FY 2020-21,PRD05,Naphtha,Light Distillate,1139.02,1.139
2020-10-01,FY 2020-21,PRD06,Petroleum Coke (Petcoke),Heavy Ends,1400.99,1.401
2020-10-01,FY 2020-21,PRD07,Bitumen,Heavy Ends,732.92,0.7329
2020-10-01,FY 2020-21,PRD08,Fuel Oil (FO / LSHS),Heavy Ends,849.65,0.8497
2020-10-01,FY 2020-21,PRD09,Light Diesel Oil & Lubes,Others,1333.0,1.333
2020-11-01,FY 2020-21,PRD01,High Speed Diesel (HSD),Middle Distillate,7166.62,7.1666
2020-11-01,FY 2020-21,PRD02,Motor Spirit (Petrol / MS),Light Distillate,3031.45,3.0314
2020-11-01,FY 2020-21,PRD03,Liquefied Petroleum Gas (LPG),Light Distillate,2466.35,2.4663
2020-11-01,FY 2020-21,PRD04,Aviation Turbine Fuel (ATF),Middle Distillate,676.3,0.6763
2020-11-01,FY 2020-21,PRD05,Naphtha,Light Distillate,1153.12,1.1531
2020-11-01,FY 2020-21,PRD06,Petroleum Coke (Petcoke),Heavy Ends,1451.58,1.4516
2020-11-01,FY 2020-21,PRD07,Bitumen,Heavy Ends,751.22,0.7512
2020-11-01,FY 2020-21,PRD08,Fuel Oil (FO / LSHS),Heavy Ends,852.77,0.8528
2020-11-01,FY 2020-21,PRD09,Light Diesel Oil & Lubes,Others,1317.73,1.3177
2020-12-01,FY 2020-21,PRD01,High Speed Diesel (HSD),Middle Distillate,7208.63,7.2086
2020-12-01,FY 2020-21,PRD02,Motor Spirit (Petrol / MS),Light Distillate,3058.19,3.0582
2020-12-01,FY 2020-21,PRD03,Liquefied Petroleum Gas (LPG),Light Distillate,2445.92,2.4459
2020-12-01,FY 2020-21,PRD04,Aviation Turbine Fuel (ATF),Middle Distillate,651.03,0.651
2020-12-01,FY 2020-21,PRD05,Naphtha,Light Distillate,1158.86,1.1589
2020-12-01,FY 2020-21,PRD06,Petroleum Coke (Petcoke),Heavy Ends,1438.05,1.4381
2020-12-01,FY 2020-21,PRD07,Bitumen,Heavy Ends,753.35,0.7534
2020-12-01,FY 2020-21,PRD08,Fuel Oil (FO / LSHS),Heavy Ends,866.47,0.8665
2020-12-01,FY 2020-21,PRD09,Light Diesel Oil & Lubes,Others,1333.02,1.333
2021-01-01,FY 2020-21,PRD01,High Speed Diesel (HSD),Middle Distillate,6903.57,6.9036
2021-01-01,FY 2020-21,PRD02,Motor Spirit (Petrol / MS),Light Distillate,2907.11,2.9071
2021-01-01,FY 2020-21,PRD03,Liquefied Petroleum Gas (LPG),Light Distillate,2375.51,2.3755
2021-01-01,FY 2020-21,PRD04,Aviation Turbine Fuel (ATF),Middle Distillate,673.83,0.6738
2021-01-01,FY 2020-21,PRD05,Naphtha,Light Distillate,1096.17,1.0962
2021-01-01,FY 2020-21,PRD06,Petroleum Coke (Petcoke),Heavy Ends,1359.74,1.3597
2021-01-01,FY 2020-21,PRD07,Bitumen,Heavy Ends,735.64,0.7356
2021-01-01,FY 2020-21,PRD08,Fuel Oil (FO / LSHS),Heavy Ends,809.92,0.8099
2021-01-01,FY 2020-21,PRD09,Light Diesel Oil & Lubes,Others,1304.22,1.3042
2021-02-01,FY 2020-21,PRD01,High Speed Diesel (HSD),Middle Distillate,6899.48,6.8995
2021-02-01,FY 2020-21,PRD02,Motor Spirit (Petrol / MS),Light Distillate,2917.27,2.9173
2021-02-01,FY 2020-21,PRD03,Liquefied Petroleum Gas (LPG),Light Distillate,2359.08,2.3591
2021-02-01,FY 2020-21,PRD04,Aviation Turbine Fuel (ATF),Middle Distillate,652.52,0.6525
2021-02-01,FY 2020-21,PRD05,Naphtha,Light Distillate,1103.41,1.1034
2021-02-01,FY 2020-21,PRD06,Petroleum Coke (Petcoke),Heavy Ends,1355.54,1.3555
2021-02-01,FY 2020-21,PRD07,Bitumen,Heavy Ends,735.58,0.7356
2021-02-01,FY 2020-21,PRD08,Fuel Oil (FO / LSHS),Heavy Ends,795.17,0.7952
2021-02-01,FY 2020-21,PRD09,Light Diesel Oil & Lubes,Others,1274.91,1.2749
2021-03-01,FY 2020-21,PRD01,High Speed Diesel (HSD),Middle Distillate,7264.88,7.2649
2021-03-01,FY 2020-21,PRD02,Motor Spirit (Petrol / MS),Light Distillate,3109.22,3.1092
2021-03-01,FY 2020-21,PRD03,Liquefied Petroleum Gas (LPG),Light Distillate,2490.73,2.4907
2021-03-01,FY 2020-21,PRD04,Aviation Turbine Fuel (ATF),Middle Distillate,650.65,0.6506
2021-03-01,FY 2020-21,PRD05,Naphtha,Light Distillate,1134.85,1.1348
2021-03-01,FY 2020-21,PRD06,Petroleum Coke (Petcoke),Heavy Ends,1415.3,1.4153
2021-03-01,FY 2020-21,PRD07,Bitumen,Heavy Ends,785.57,0.7856
2021-03-01,FY 2020-21,PRD08,Fuel Oil (FO / LSHS),Heavy Ends,884.44,0.8844
2021-03-01,FY 2020-21,PRD09,Light Diesel Oil & Lubes,Others,1344.46,1.3445
2021-04-01,FY 2021-22,PRD01,High Speed Diesel (HSD),Middle Distillate,6946.44,6.9464
2021-04-01,FY 2021-22,PRD02,Motor Spirit (Petrol / MS),Light Distillate,2954.23,2.9542
2021-04-01,FY 2021-22,PRD03,Liquefied Petroleum Gas (LPG),Light Distillate,2393.25,2.3933
2021-04-01,FY 2021-22,PRD04,Aviation Turbine Fuel (ATF),Middle Distillate,634.8,0.6348
2021-04-01,FY 2021-22,PRD05,Naphtha,Light Distillate,1092.14,1.0921
2021-04-01,FY 2021-22,PRD06,Petroleum Coke (Petcoke),Heavy Ends,1347.78,1.3478
2021-04-01,FY 2021-22,PRD07,Bitumen,Heavy Ends,735.16,0.7352
2021-04-01,FY 2021-22,PRD08,Fuel Oil (FO / LSHS),Heavy Ends,821.99,0.822
2021-04-01,FY 2021-22,PRD09,Light Diesel Oil & Lubes,Others,1290.78,1.2908
2021-05-01,FY 2021-22,PRD01,High Speed Diesel (HSD),Middle Distillate,6945.15,6.9451
2021-05-01,FY 2021-22,PRD02,Motor Spirit (Petrol / MS),Light Distillate,2965.27,2.9653
2021-05-01,FY 2021-22,PRD03,Liquefied Petroleum Gas (LPG),Light Distillate,2393.18,2.3932
2021-05-01,FY 2021-22,PRD04,Aviation Turbine Fuel (ATF),Middle Distillate,642.75,0.6428
2021-05-01,FY 2021-22,PRD05,Naphtha,Light Distillate,1111.07,1.1111
2021-05-01,FY 2021-22,PRD06,Petroleum Coke (Petcoke),Heavy Ends,1357.85,1.3579
2021-05-01,FY 2021-22,PRD07,Bitumen,Heavy Ends,734.65,0.7347
2021-05-01,FY 2021-22,PRD08,Fuel Oil (FO / LSHS),Heavy Ends,828.5,0.8285
2021-05-01,FY 2021-22,PRD09,Light Diesel Oil & Lubes,Others,1272.56,1.2726
2021-06-01,FY 2021-22,PRD01,High Speed Diesel (HSD),Middle Distillate,6950.54,6.9505
2021-06-01,FY 2021-22,PRD02,Motor Spirit (Petrol / MS),Light Distillate,2986.7,2.9867
2021-06-01,FY 2021-22,PRD03,Liquefied Petroleum Gas (LPG),Light Distillate,2400.85,2.4008
2021-06-01,FY 2021-22,PRD04,Aviation Turbine Fuel (ATF),Middle Distillate,648.78,0.6488
2021-06-01,FY 2021-22,PRD05,Naphtha,Light Distillate,1089.77,1.0898
2021-06-01,FY 2021-22,PRD06,Petroleum Coke (Petcoke),Heavy Ends,1394.94,1.3949
2021-06-01,FY 2021-22,PRD07,Bitumen,Heavy Ends,770.53,0.7705
2021-06-01,FY 2021-22,PRD08,Fuel Oil (FO / LSHS),Heavy Ends,814.49,0.8145
2021-06-01,FY 2021-22,PRD09,Light Diesel Oil & Lubes,Others,1295.08,1.2951
2021-07-01,FY 2021-22,PRD01,High Speed Diesel (HSD),Middle Distillate,6545.53,6.5455
2021-07-01,FY 2021-22,PRD02,Motor Spirit (Petrol / MS),Light Distillate,2834.49,2.8345
2021-07-01,FY 2021-22,PRD03,Liquefied Petroleum Gas (LPG),Light Distillate,2264.72,2.2647
2021-07-01,FY 2021-22,PRD04,Aviation Turbine Fuel (ATF),Middle Distillate,613.88,0.6139
2021-07-01,FY 2021-22,PRD05,Naphtha,Light Distillate,1026.92,1.0269
2021-07-01,FY 2021-22,PRD06,Petroleum Coke (Petcoke),Heavy Ends,1296.92,1.2969
2021-07-01,FY 2021-22,PRD07,Bitumen,Heavy Ends,400.54,0.4005
2021-07-01,FY 2021-22,PRD08,Fuel Oil (FO / LSHS),Heavy Ends,792.35,0.7923
2021-07-01,FY 2021-22,PRD09,Light Diesel Oil & Lubes,Others,1200.8,1.2008
2021-08-01,FY 2021-22,PRD01,High Speed Diesel (HSD),Middle Distillate,6579.33,6.5793
2021-08-01,FY 2021-22,PRD02,Motor Spirit (Petrol / MS),Light Distillate,2828.39,2.8284
2021-08-01,FY 2021-22,PRD03,Liquefied Petroleum Gas (LPG),Light Distillate,2292.94,2.2929
2021-08-01,FY 2021-22,PRD04,Aviation Turbine Fuel (ATF),Middle Distillate,610.65,0.6107
2021-08-01,FY 2021-22,PRD05,Naphtha,Light Distillate,1031.6,1.0316
2021-08-01,FY 2021-22,PRD06,Petroleum Coke (Petcoke),Heavy Ends,1306.94,1.3069
2021-08-01,FY 2021-22,PRD07,Bitumen,Heavy Ends,440.16,0.4402
2021-08-01,FY 2021-22,PRD08,Fuel Oil (FO / LSHS),Heavy Ends,770.6,0.7706
2021-08-01,FY 2021-22,PRD09,Light Diesel Oil & Lubes,Others,1234.44,1.2344
2021-09-01,FY 2021-22,PRD01,High Speed Diesel (HSD),Middle Distillate,7028.47,7.0285
2021-09-01,FY 2021-22,PRD02,Motor Spirit (Petrol / MS),Light Distillate,3017.82,3.0178
2021-09-01,FY 2021-22,PRD03,Liquefied Petroleum Gas (LPG),Light Distillate,2430.97,2.431
2021-09-01,FY 2021-22,PRD04,Aviation Turbine Fuel (ATF),Middle Distillate,653.66,0.6537
2021-09-01,FY 2021-22,PRD05,Naphtha,Light Distillate,1104.59,1.1046
2021-09-01,FY 2021-22,PRD06,Petroleum Coke (Petcoke),Heavy Ends,1419.03,1.419
2021-09-01,FY 2021-22,PRD07,Bitumen,Heavy Ends,742.39,0.7424
2021-09-01,FY 2021-22,PRD08,Fuel Oil (FO / LSHS),Heavy Ends,822.57,0.8226
2021-09-01,FY 2021-22,PRD09,Light Diesel Oil & Lubes,Others,1281.06,1.2811
2021-10-01,FY 2021-22,PRD01,High Speed Diesel (HSD),Middle Distillate,7388.92,7.3889
2021-10-01,FY 2021-22,PRD02,Motor Spirit (Petrol / MS),Light Distillate,3189.47,3.1895
2021-10-01,FY 2021-22,PRD03,Liquefied Petroleum Gas (LPG),Light Distillate,2588.38,2.5884
2021-10-01,FY 2021-22,PRD04,Aviation Turbine Fuel (ATF),Middle Distillate,697.89,0.6979
2021-10-01,FY 2021-22,PRD05,Naphtha,Light Distillate,1164.54,1.1645
2021-10-01,FY 2021-22,PRD06,Petroleum Coke (Petcoke),Heavy Ends,1464.06,1.4641
2021-10-01,FY 2021-22,PRD07,Bitumen,Heavy Ends,780.95,0.781
2021-10-01,FY 2021-22,PRD08,Fuel Oil (FO / LSHS),Heavy Ends,889.1,0.8891
2021-10-01,FY 2021-22,PRD09,Light Diesel Oil & Lubes,Others,1375.96,1.376
2021-11-01,FY 2021-22,PRD01,High Speed Diesel (HSD),Middle Distillate,7385.52,7.3855
2021-11-01,FY 2021-22,PRD02,Motor Spirit (Petrol / MS),Light Distillate,3215.51,3.2155
2021-11-01,FY 2021-22,PRD03,Liquefied Petroleum Gas (LPG),Light Distillate,2594.46,2.5945
2021-11-01,FY 2021-22,PRD04,Aviation Turbine Fuel (ATF),Middle Distillate,663.35,0.6633
2021-11-01,FY 2021-22,PRD05,Naphtha,Light Distillate,1179.02,1.179
2021-11-01,FY 2021-22,PRD06,Petroleum Coke (Petcoke),Heavy Ends,1497.33,1.4973
2021-11-01,FY 2021-22,PRD07,Bitumen,Heavy Ends,770.18,0.7702
2021-11-01,FY 2021-22,PRD08,Fuel Oil (FO / LSHS),Heavy Ends,869.77,0.8698
2021-11-01,FY 2021-22,PRD09,Light Diesel Oil & Lubes,Others,1357.96,1.358
2021-12-01,FY 2021-22,PRD01,High Speed Diesel (HSD),Middle Distillate,7415.9,7.4159
2021-12-01,FY 2021-22,PRD02,Motor Spirit (Petrol / MS),Light Distillate,3237.84,3.2378
2021-12-01,FY 2021-22,PRD03,Liquefied Petroleum Gas (LPG),Light Distillate,2610.01,2.61
2021-12-01,FY 2021-22,PRD04,Aviation Turbine Fuel (ATF),Middle Distillate,673.7,0.6737
2021-12-01,FY 2021-22,PRD05,Naphtha,Light Distillate,1179.91,1.1799
2021-12-01,FY 2021-22,PRD06,Petroleum Coke (Petcoke),Heavy Ends,1449.68,1.4497
2021-12-01,FY 2021-22,PRD07,Bitumen,Heavy Ends,787.83,0.7878
2021-12-01,FY 2021-22,PRD08,Fuel Oil (FO / LSHS),Heavy Ends,896.96,0.897
2021-12-01,FY 2021-22,PRD09,Light Diesel Oil & Lubes,Others,1356.17,1.3562
2022-01-01,FY 2021-22,PRD01,High Speed Diesel (HSD),Middle Distillate,7044.84,7.0448
2022-01-01,FY 2021-22,PRD02,Motor Spirit (Petrol / MS),Light Distillate,3116.75,3.1168
2022-01-01,FY 2021-22,PRD03,Liquefied Petroleum Gas (LPG),Light Distillate,2490.59,2.4906
2022-01-01,FY 2021-22,PRD04,Aviation Turbine Fuel (ATF),Middle Distillate,673.64,0.6736
2022-01-01,FY 2021-22,PRD05,Naphtha,Light Distillate,1123.29,1.1233
2022-01-01,FY 2021-22,PRD06,Petroleum Coke (Petcoke),Heavy Ends,1404.57,1.4046
2022-01-01,FY 2021-22,PRD07,Bitumen,Heavy Ends,756.98,0.757
2022-01-01,FY 2021-22,PRD08,Fuel Oil (FO / LSHS),Heavy Ends,830.94,0.8309
2022-01-01,FY 2021-22,PRD09,Light Diesel Oil & Lubes,Others,1315.19,1.3152
2022-02-01,FY 2021-22,PRD01,High Speed Diesel (HSD),Middle Distillate,7077.5,7.0775
2022-02-01,FY 2021-22,PRD02,Motor Spirit (Petrol / MS),Light Distillate,3089.1,3.0891
2022-02-01,FY 2021-22,PRD03,Liquefied Petroleum Gas (LPG),Light Distillate,2516.64,2.5166
2022-02-01,FY 2021-22,PRD04,Aviation Turbine Fuel (ATF),Middle Distillate,654.52,0.6545
2022-02-01,FY 2021-22,PRD05,Naphtha,Light Distillate,1126.44,1.1264
2022-02-01,FY 2021-22,PRD06,Petroleum Coke (Petcoke),Heavy Ends,1392.85,1.3928
2022-02-01,FY 2021-22,PRD07,Bitumen,Heavy Ends,776.4,0.7764
2022-02-01,FY 2021-22,PRD08,Fuel Oil (FO / LSHS),Heavy Ends,859.75,0.8598
2022-02-01,FY 2021-22,PRD09,Light Diesel Oil & Lubes,Others,1331.4,1.3314
2022-03-01,FY 2021-22,PRD01,High Speed Diesel (HSD),Middle Distillate,7448.93,7.4489
2022-03-01,FY 2021-22,PRD02,Motor Spirit (Petrol / MS),Light Distillate,3255.09,3.2551
2022-03-01,FY 2021-22,PRD03,Liquefied Petroleum Gas (LPG),Light Distillate,2678.88,2.6789
2022-03-01,FY 2021-22,PRD04,Aviation Turbine Fuel (ATF),Middle Distillate,692.43,0.6924
2022-03-01,FY 2021-22,PRD05,Naphtha,Light Distillate,1177.37,1.1774
2022-03-01,FY 2021-22,PRD06,Petroleum Coke (Petcoke),Heavy Ends,1492.0,1.492
2022-03-01,FY 2021-22,PRD07,Bitumen,Heavy Ends,809.91,0.8099
2022-03-01,FY 2021-22,PRD08,Fuel Oil (FO / LSHS),Heavy Ends,891.1,0.8911
2022-03-01,FY 2021-22,PRD09,Light Diesel Oil & Lubes,Others,1405.88,1.4059
2022-04-01,FY 2022-23,PRD01,High Speed Diesel (HSD),Middle Distillate,7130.16,7.1302
2022-04-01,FY 2022-23,PRD02,Motor Spirit (Petrol / MS),Light Distillate,3124.57,3.1246
2022-04-01,FY 2022-23,PRD03,Liquefied Petroleum Gas (LPG),Light Distillate,2525.17,2.5252
2022-04-01,FY 2022-23,PRD04,Aviation Turbine Fuel (ATF),Middle Distillate,676.56,0.6766
2022-04-01,FY 2022-23,PRD05,Naphtha,Light Distillate,1094.51,1.0945
2022-04-01,FY 2022-23,PRD06,Petroleum Coke (Petcoke),Heavy Ends,1416.76,1.4168
2022-04-01,FY 2022-23,PRD07,Bitumen,Heavy Ends,735.34,0.7353
2022-04-01,FY 2022-23,PRD08,Fuel Oil (FO / LSHS),Heavy Ends,844.25,0.8442
2022-04-01,FY 2022-23,PRD09,Light Diesel Oil & Lubes,Others,1319.92,1.3199
2022-05-01,FY 2022-23,PRD01,High Speed Diesel (HSD),Middle Distillate,7123.86,7.1239
2022-05-01,FY 2022-23,PRD02,Motor Spirit (Petrol / MS),Light Distillate,3148.4,3.1484
2022-05-01,FY 2022-23,PRD03,Liquefied Petroleum Gas (LPG),Light Distillate,2530.71,2.5307
2022-05-01,FY 2022-23,PRD04,Aviation Turbine Fuel (ATF),Middle Distillate,698.45,0.6985
2022-05-01,FY 2022-23,PRD05,Naphtha,Light Distillate,1166.41,1.1664
2022-05-01,FY 2022-23,PRD06,Petroleum Coke (Petcoke),Heavy Ends,1405.57,1.4056
2022-05-01,FY 2022-23,PRD07,Bitumen,Heavy Ends,782.67,0.7827
2022-05-01,FY 2022-23,PRD08,Fuel Oil (FO / LSHS),Heavy Ends,847.81,0.8478
2022-05-01,FY 2022-23,PRD09,Light Diesel Oil & Lubes,Others,1330.07,1.3301
2022-06-01,FY 2022-23,PRD01,High Speed Diesel (HSD),Middle Distillate,7143.56,7.1436
2022-06-01,FY 2022-23,PRD02,Motor Spirit (Petrol / MS),Light Distillate,3162.8,3.1628
2022-06-01,FY 2022-23,PRD03,Liquefied Petroleum Gas (LPG),Light Distillate,2573.84,2.5738
2022-06-01,FY 2022-23,PRD04,Aviation Turbine Fuel (ATF),Middle Distillate,667.82,0.6678
2022-06-01,FY 2022-23,PRD05,Naphtha,Light Distillate,1134.45,1.1344
2022-06-01,FY 2022-23,PRD06,Petroleum Coke (Petcoke),Heavy Ends,1407.43,1.4074
2022-06-01,FY 2022-23,PRD07,Bitumen,Heavy Ends,747.66,0.7477
2022-06-01,FY 2022-23,PRD08,Fuel Oil (FO / LSHS),Heavy Ends,831.58,0.8316
2022-06-01,FY 2022-23,PRD09,Light Diesel Oil & Lubes,Others,1332.05,1.332
2022-07-01,FY 2022-23,PRD01,High Speed Diesel (HSD),Middle Distillate,6712.23,6.7122
2022-07-01,FY 2022-23,PRD02,Motor Spirit (Petrol / MS),Light Distillate,2993.44,2.9934
2022-07-01,FY 2022-23,PRD03,Liquefied Petroleum Gas (LPG),Light Distillate,2437.32,2.4373
2022-07-01,FY 2022-23,PRD04,Aviation Turbine Fuel (ATF),Middle Distillate,645.72,0.6457
2022-07-01,FY 2022-23,PRD05,Naphtha,Light Distillate,1075.63,1.0756
2022-07-01,FY 2022-23,PRD06,Petroleum Coke (Petcoke),Heavy Ends,1343.83,1.3438
2022-07-01,FY 2022-23,PRD07,Bitumen,Heavy Ends,458.64,0.4586
2022-07-01,FY 2022-23,PRD08,Fuel Oil (FO / LSHS),Heavy Ends,814.9,0.8149
2022-07-01,FY 2022-23,PRD09,Light Diesel Oil & Lubes,Others,1250.55,1.2506
2022-08-01,FY 2022-23,PRD01,High Speed Diesel (HSD),Middle Distillate,6723.11,6.7231
2022-08-01,FY 2022-23,PRD02,Motor Spirit (Petrol / MS),Light Distillate,3018.45,3.0184
2022-08-01,FY 2022-23,PRD03,Liquefied Petroleum Gas (LPG),Light Distillate,2440.46,2.4405
2022-08-01,FY 2022-23,PRD04,Aviation Turbine Fuel (ATF),Middle Distillate,620.01,0.62
2022-08-01,FY 2022-23,PRD05,Naphtha,Light Distillate,1083.49,1.0835
2022-08-01,FY 2022-23,PRD06,Petroleum Coke (Petcoke),Heavy Ends,1343.45,1.3435
2022-08-01,FY 2022-23,PRD07,Bitumen,Heavy Ends,428.89,0.4289
2022-08-01,FY 2022-23,PRD08,Fuel Oil (FO / LSHS),Heavy Ends,772.02,0.772
2022-08-01,FY 2022-23,PRD09,Light Diesel Oil & Lubes,Others,1255.65,1.2557
2022-09-01,FY 2022-23,PRD01,High Speed Diesel (HSD),Middle Distillate,7204.74,7.2047
2022-09-01,FY 2022-23,PRD02,Motor Spirit (Petrol / MS),Light Distillate,3211.49,3.2115
2022-09-01,FY 2022-23,PRD03,Liquefied Petroleum Gas (LPG),Light Distillate,2595.78,2.5958
2022-09-01,FY 2022-23,PRD04,Aviation Turbine Fuel (ATF),Middle Distillate,660.19,0.6602
2022-09-01,FY 2022-23,PRD05,Naphtha,Light Distillate,1156.61,1.1566
2022-09-01,FY 2022-23,PRD06,Petroleum Coke (Petcoke),Heavy Ends,1435.75,1.4358
2022-09-01,FY 2022-23,PRD07,Bitumen,Heavy Ends,753.38,0.7534
2022-09-01,FY 2022-23,PRD08,Fuel Oil (FO / LSHS),Heavy Ends,883.39,0.8834
2022-09-01,FY 2022-23,PRD09,Light Diesel Oil & Lubes,Others,1357.0,1.357
2022-10-01,FY 2022-23,PRD01,High Speed Diesel (HSD),Middle Distillate,7556.58,7.5566
2022-10-01,FY 2022-23,PRD02,Motor Spirit (Petrol / MS),Light Distillate,3406.45,3.4064
2022-10-01,FY 2022-23,PRD03,Liquefied Petroleum Gas (LPG),Light Distillate,2745.43,2.7454
2022-10-01,FY 2022-23,PRD04,Aviation Turbine Fuel (ATF),Middle Distillate,716.7,0.7167
2022-10-01,FY 2022-23,PRD05,Naphtha,Light Distillate,1186.71,1.1867
2022-10-01,FY 2022-23,PRD06,Petroleum Coke (Petcoke),Heavy Ends,1530.25,1.5303
2022-10-01,FY 2022-23,PRD07,Bitumen,Heavy Ends,799.53,0.7995
2022-10-01,FY 2022-23,PRD08,Fuel Oil (FO / LSHS),Heavy Ends,903.72,0.9037
2022-10-01,FY 2022-23,PRD09,Light Diesel Oil & Lubes,Others,1453.71,1.4537
2022-11-01,FY 2022-23,PRD01,High Speed Diesel (HSD),Middle Distillate,7586.08,7.5861
2022-11-01,FY 2022-23,PRD02,Motor Spirit (Petrol / MS),Light Distillate,3410.21,3.4102
2022-11-01,FY 2022-23,PRD03,Liquefied Petroleum Gas (LPG),Light Distillate,2716.94,2.7169
2022-11-01,FY 2022-23,PRD04,Aviation Turbine Fuel (ATF),Middle Distillate,729.88,0.7299
2022-11-01,FY 2022-23,PRD05,Naphtha,Light Distillate,1195.3,1.1953
2022-11-01,FY 2022-23,PRD06,Petroleum Coke (Petcoke),Heavy Ends,1504.3,1.5043
2022-11-01,FY 2022-23,PRD07,Bitumen,Heavy Ends,805.35,0.8054
2022-11-01,FY 2022-23,PRD08,Fuel Oil (FO / LSHS),Heavy Ends,932.86,0.9329
2022-11-01,FY 2022-23,PRD09,Light Diesel Oil & Lubes,Others,1429.66,1.4297
2022-12-01,FY 2022-23,PRD01,High Speed Diesel (HSD),Middle Distillate,7595.07,7.5951
2022-12-01,FY 2022-23,PRD02,Motor Spirit (Petrol / MS),Light Distillate,3437.69,3.4377
2022-12-01,FY 2022-23,PRD03,Liquefied Petroleum Gas (LPG),Light Distillate,2753.7,2.7537
2022-12-01,FY 2022-23,PRD04,Aviation Turbine Fuel (ATF),Middle Distillate,713.08,0.7131
2022-12-01,FY 2022-23,PRD05,Naphtha,Light Distillate,1219.94,1.2199
2022-12-01,FY 2022-23,PRD06,Petroleum Coke (Petcoke),Heavy Ends,1538.08,1.5381
2022-12-01,FY 2022-23,PRD07,Bitumen,Heavy Ends,827.07,0.8271
2022-12-01,FY 2022-23,PRD08,Fuel Oil (FO / LSHS),Heavy Ends,921.54,0.9215
2022-12-01,FY 2022-23,PRD09,Light Diesel Oil & Lubes,Others,1416.54,1.4165
2023-01-01,FY 2022-23,PRD01,High Speed Diesel (HSD),Middle Distillate,7261.88,7.2619
2023-01-01,FY 2022-23,PRD02,Motor Spirit (Petrol / MS),Light Distillate,3284.5,3.2845
2023-01-01,FY 2022-23,PRD03,Liquefied Petroleum Gas (LPG),Light Distillate,2627.02,2.627
2023-01-01,FY 2022-23,PRD04,Aviation Turbine Fuel (ATF),Middle Distillate,672.95,0.673
2023-01-01,FY 2022-23,PRD05,Naphtha,Light Distillate,1165.27,1.1653
2023-01-01,FY 2022-23,PRD06,Petroleum Coke (Petcoke),Heavy Ends,1468.65,1.4687
2023-01-01,FY 2022-23,PRD07,Bitumen,Heavy Ends,773.25,0.7732
2023-01-01,FY 2022-23,PRD08,Fuel Oil (FO / LSHS),Heavy Ends,854.86,0.8549
2023-01-01,FY 2022-23,PRD09,Light Diesel Oil & Lubes,Others,1358.85,1.3588
2023-02-01,FY 2022-23,PRD01,High Speed Diesel (HSD),Middle Distillate,7267.52,7.2675
2023-02-01,FY 2022-23,PRD02,Motor Spirit (Petrol / MS),Light Distillate,3304.99,3.305
2023-02-01,FY 2022-23,PRD03,Liquefied Petroleum Gas (LPG),Light Distillate,2669.18,2.6692
2023-02-01,FY 2022-23,PRD04,Aviation Turbine Fuel (ATF),Middle Distillate,696.15,0.6961
2023-02-01,FY 2022-23,PRD05,Naphtha,Light Distillate,1158.29,1.1583
2023-02-01,FY 2022-23,PRD06,Petroleum Coke (Petcoke),Heavy Ends,1449.76,1.4498
2023-02-01,FY 2022-23,PRD07,Bitumen,Heavy Ends,762.53,0.7625
2023-02-01,FY 2022-23,PRD08,Fuel Oil (FO / LSHS),Heavy Ends,885.88,0.8859
2023-02-01,FY 2022-23,PRD09,Light Diesel Oil & Lubes,Others,1383.47,1.3835
2023-03-01,FY 2022-23,PRD01,High Speed Diesel (HSD),Middle Distillate,7640.18,7.6402
2023-03-01,FY 2022-23,PRD02,Motor Spirit (Petrol / MS),Light Distillate,3480.88,3.4809
2023-03-01,FY 2022-23,PRD03,Liquefied Petroleum Gas (LPG),Light Distillate,2822.92,2.8229
2023-03-01,FY 2022-23,PRD04,Aviation Turbine Fuel (ATF),Middle Distillate,724.45,0.7245
2023-03-01,FY 2022-23,PRD05,Naphtha,Light Distillate,1235.46,1.2355
2023-03-01,FY 2022-23,PRD06,Petroleum Coke (Petcoke),Heavy Ends,1518.29,1.5183
2023-03-01,FY 2022-23,PRD07,Bitumen,Heavy Ends,829.46,0.8295
2023-03-01,FY 2022-23,PRD08,Fuel Oil (FO / LSHS),Heavy Ends,907.75,0.9077
2023-03-01,FY 2022-23,PRD09,Light Diesel Oil & Lubes,Others,1416.73,1.4167
2023-04-01,FY 2023-24,PRD01,High Speed Diesel (HSD),Middle Distillate,7290.68,7.2907
2023-04-01,FY 2023-24,PRD02,Motor Spirit (Petrol / MS),Light Distillate,3326.19,3.3262
2023-04-01,FY 2023-24,PRD03,Liquefied Petroleum Gas (LPG),Light Distillate,2676.4,2.6764
2023-04-01,FY 2023-24,PRD04,Aviation Turbine Fuel (ATF),Middle Distillate,662.99,0.663
2023-04-01,FY 2023-24,PRD05,Naphtha,Light Distillate,1187.98,1.188
2023-04-01,FY 2023-24,PRD06,Petroleum Coke (Petcoke),Heavy Ends,1483.92,1.4839
2023-04-01,FY 2023-24,PRD07,Bitumen,Heavy Ends,753.19,0.7532
2023-04-01,FY 2023-24,PRD08,Fuel Oil (FO / LSHS),Heavy Ends,894.88,0.8949
2023-04-01,FY 2023-24,PRD09,Light Diesel Oil & Lubes,Others,1357.04,1.357
2023-05-01,FY 2023-24,PRD01,High Speed Diesel (HSD),Middle Distillate,7323.72,7.3237
2023-05-01,FY 2023-24,PRD02,Motor Spirit (Petrol / MS),Light Distillate,3350.4,3.3504
2023-05-01,FY 2023-24,PRD03,Liquefied Petroleum Gas (LPG),Light Distillate,2692.36,2.6924
2023-05-01,FY 2023-24,PRD04,Aviation Turbine Fuel (ATF),Middle Distillate,683.69,0.6837
2023-05-01,FY 2023-24,PRD05,Naphtha,Light Distillate,1194.98,1.195
2023-05-01,FY 2023-24,PRD06,Petroleum Coke (Petcoke),Heavy Ends,1452.41,1.4524
2023-05-01,FY 2023-24,PRD07,Bitumen,Heavy Ends,793.65,0.7936
2023-05-01,FY 2023-24,PRD08,Fuel Oil (FO / LSHS),Heavy Ends,899.12,0.8991
2023-05-01,FY 2023-24,PRD09,Light Diesel Oil & Lubes,Others,1383.68,1.3837
2023-06-01,FY 2023-24,PRD01,High Speed Diesel (HSD),Middle Distillate,7360.7,7.3607
2023-06-01,FY 2023-24,PRD02,Motor Spirit (Petrol / MS),Light Distillate,3359.98,3.36
2023-06-01,FY 2023-24,PRD03,Liquefied Petroleum Gas (LPG),Light Distillate,2718.53,2.7185
2023-06-01,FY 2023-24,PRD04,Aviation Turbine Fuel (ATF),Middle Distillate,686.74,0.6867
2023-06-01,FY 2023-24,PRD05,Naphtha,Light Distillate,1198.5,1.1985
2023-06-01,FY 2023-24,PRD06,Petroleum Coke (Petcoke),Heavy Ends,1474.88,1.4749
2023-06-01,FY 2023-24,PRD07,Bitumen,Heavy Ends,780.85,0.7809
2023-06-01,FY 2023-24,PRD08,Fuel Oil (FO / LSHS),Heavy Ends,904.59,0.9046
2023-06-01,FY 2023-24,PRD09,Light Diesel Oil & Lubes,Others,1369.29,1.3693
2023-07-01,FY 2023-24,PRD01,High Speed Diesel (HSD),Middle Distillate,6879.13,6.8791
2023-07-01,FY 2023-24,PRD02,Motor Spirit (Petrol / MS),Light Distillate,3173.63,3.1736
2023-07-01,FY 2023-24,PRD03,Liquefied Petroleum Gas (LPG),Light Distillate,2562.73,2.5627
2023-07-01,FY 2023-24,PRD04,Aviation Turbine Fuel (ATF),Middle Distillate,669.67,0.6697
2023-07-01,FY 2023-24,PRD05,Naphtha,Light Distillate,1113.87,1.1139
2023-07-01,FY 2023-24,PRD06,Petroleum Coke (Petcoke),Heavy Ends,1410.03,1.41
2023-07-01,FY 2023-24,PRD07,Bitumen,Heavy Ends,424.51,0.4245
2023-07-01,FY 2023-24,PRD08,Fuel Oil (FO / LSHS),Heavy Ends,827.51,0.8275
2023-07-01,FY 2023-24,PRD09,Light Diesel Oil & Lubes,Others,1293.25,1.2933
2023-08-01,FY 2023-24,PRD01,High Speed Diesel (HSD),Middle Distillate,6912.62,6.9126
2023-08-01,FY 2023-24,PRD02,Motor Spirit (Petrol / MS),Light Distillate,3198.21,3.1982
2023-08-01,FY 2023-24,PRD03,Liquefied Petroleum Gas (LPG),Light Distillate,2575.36,2.5754
2023-08-01,FY 2023-24,PRD04,Aviation Turbine Fuel (ATF),Middle Distillate,643.87,0.6439
2023-08-01,FY 2023-24,PRD05,Naphtha,Light Distillate,1117.3,1.1173
2023-08-01,FY 2023-24,PRD06,Petroleum Coke (Petcoke),Heavy Ends,1393.34,1.3933
2023-08-01,FY 2023-24,PRD07,Bitumen,Heavy Ends,432.2,0.4322
2023-08-01,FY 2023-24,PRD08,Fuel Oil (FO / LSHS),Heavy Ends,834.71,0.8347
2023-08-01,FY 2023-24,PRD09,Light Diesel Oil & Lubes,Others,1298.93,1.2989
2023-09-01,FY 2023-24,PRD01,High Speed Diesel (HSD),Middle Distillate,7368.09,7.3681
2023-09-01,FY 2023-24,PRD02,Motor Spirit (Petrol / MS),Light Distillate,3418.1,3.4181
2023-09-01,FY 2023-24,PRD03,Liquefied Petroleum Gas (LPG),Light Distillate,2742.17,2.7422
2023-09-01,FY 2023-24,PRD04,Aviation Turbine Fuel (ATF),Middle Distillate,687.45,0.6875
2023-09-01,FY 2023-24,PRD05,Naphtha,Light Distillate,1208.69,1.2087
2023-09-01,FY 2023-24,PRD06,Petroleum Coke (Petcoke),Heavy Ends,1469.46,1.4695
2023-09-01,FY 2023-24,PRD07,Bitumen,Heavy Ends,782.25,0.7823
2023-09-01,FY 2023-24,PRD08,Fuel Oil (FO / LSHS),Heavy Ends,933.9,0.9339
2023-09-01,FY 2023-24,PRD09,Light Diesel Oil & Lubes,Others,1372.3,1.3723
2023-10-01,FY 2023-24,PRD01,High Speed Diesel (HSD),Middle Distillate,7734.38,7.7344
2023-10-01,FY 2023-24,PRD02,Motor Spirit (Petrol / MS),Light Distillate,3617.0,3.617
2023-10-01,FY 2023-24,PRD03,Liquefied Petroleum Gas (LPG),Light Distillate,2859.89,2.8599
2023-10-01,FY 2023-24,PRD04,Aviation Turbine Fuel (ATF),Middle Distillate,727.06,0.7271
2023-10-01,FY 2023-24,PRD05,Naphtha,Light Distillate,1284.63,1.2846
2023-10-01,FY 2023-24,PRD06,Petroleum Coke (Petcoke),Heavy Ends,1542.38,1.5424
2023-10-01,FY 2023-24,PRD07,Bitumen,Heavy Ends,805.23,0.8052
2023-10-01,FY 2023-24,PRD08,Fuel Oil (FO / LSHS),Heavy Ends,916.84,0.9168
2023-10-01,FY 2023-24,PRD09,Light Diesel Oil & Lubes,Others,1474.66,1.4747
2023-11-01,FY 2023-24,PRD01,High Speed Diesel (HSD),Middle Distillate,7787.13,7.7871
2023-11-01,FY 2023-24,PRD02,Motor Spirit (Petrol / MS),Light Distillate,3615.82,3.6158
2023-11-01,FY 2023-24,PRD03,Liquefied Petroleum Gas (LPG),Light Distillate,2914.29,2.9143
2023-11-01,FY 2023-24,PRD04,Aviation Turbine Fuel (ATF),Middle Distillate,753.4,0.7534
2023-11-01,FY 2023-24,PRD05,Naphtha,Light Distillate,1282.61,1.2826
2023-11-01,FY 2023-24,PRD06,Petroleum Coke (Petcoke),Heavy Ends,1566.05,1.566
2023-11-01,FY 2023-24,PRD07,Bitumen,Heavy Ends,802.68,0.8027
2023-11-01,FY 2023-24,PRD08,Fuel Oil (FO / LSHS),Heavy Ends,929.54,0.9295
2023-11-01,FY 2023-24,PRD09,Light Diesel Oil & Lubes,Others,1458.7,1.4587
2023-12-01,FY 2023-24,PRD01,High Speed Diesel (HSD),Middle Distillate,7781.92,7.7819
2023-12-01,FY 2023-24,PRD02,Motor Spirit (Petrol / MS),Light Distillate,3638.25,3.6383
2023-12-01,FY 2023-24,PRD03,Liquefied Petroleum Gas (LPG),Light Distillate,2933.84,2.9338
2023-12-01,FY 2023-24,PRD04,Aviation Turbine Fuel (ATF),Middle Distillate,753.63,0.7536
2023-12-01,FY 2023-24,PRD05,Naphtha,Light Distillate,1256.58,1.2566
2023-12-01,FY 2023-24,PRD06,Petroleum Coke (Petcoke),Heavy Ends,1590.43,1.5904
2023-12-01,FY 2023-24,PRD07,Bitumen,Heavy Ends,844.8,0.8448
2023-12-01,FY 2023-24,PRD08,Fuel Oil (FO / LSHS),Heavy Ends,945.34,0.9453
2023-12-01,FY 2023-24,PRD09,Light Diesel Oil & Lubes,Others,1482.62,1.4826
2024-01-01,FY 2023-24,PRD01,High Speed Diesel (HSD),Middle Distillate,7430.91,7.4309
2024-01-01,FY 2023-24,PRD02,Motor Spirit (Petrol / MS),Light Distillate,3515.32,3.5153
2024-01-01,FY 2023-24,PRD03,Liquefied Petroleum Gas (LPG),Light Distillate,2768.99,2.769
2024-01-01,FY 2023-24,PRD04,Aviation Turbine Fuel (ATF),Middle Distillate,693.67,0.6937
2024-01-01,FY 2023-24,PRD05,Naphtha,Light Distillate,1200.5,1.2005
2024-01-01,FY 2023-24,PRD06,Petroleum Coke (Petcoke),Heavy Ends,1509.59,1.5096
2024-01-01,FY 2023-24,PRD07,Bitumen,Heavy Ends,820.62,0.8206
2024-01-01,FY 2023-24,PRD08,Fuel Oil (FO / LSHS),Heavy Ends,901.43,0.9014
2024-01-01,FY 2023-24,PRD09,Light Diesel Oil & Lubes,Others,1381.47,1.3815
2024-02-01,FY 2023-24,PRD01,High Speed Diesel (HSD),Middle Distillate,7457.22,7.4572
2024-02-01,FY 2023-24,PRD02,Motor Spirit (Petrol / MS),Light Distillate,3512.59,3.5126
2024-02-01,FY 2023-24,PRD03,Liquefied Petroleum Gas (LPG),Light Distillate,2773.89,2.7739
2024-02-01,FY 2023-24,PRD04,Aviation Turbine Fuel (ATF),Middle Distillate,703.21,0.7032
2024-02-01,FY 2023-24,PRD05,Naphtha,Light Distillate,1181.75,1.1818
2024-02-01,FY 2023-24,PRD06,Petroleum Coke (Petcoke),Heavy Ends,1497.03,1.497
2024-02-01,FY 2023-24,PRD07,Bitumen,Heavy Ends,790.19,0.7902
2024-02-01,FY 2023-24,PRD08,Fuel Oil (FO / LSHS),Heavy Ends,916.34,0.9163
2024-02-01,FY 2023-24,PRD09,Light Diesel Oil & Lubes,Others,1408.29,1.4083
2024-03-01,FY 2023-24,PRD01,High Speed Diesel (HSD),Middle Distillate,7812.98,7.813
2024-03-01,FY 2023-24,PRD02,Motor Spirit (Petrol / MS),Light Distillate,3707.22,3.7072
2024-03-01,FY 2023-24,PRD03,Liquefied Petroleum Gas (LPG),Light Distillate,2934.76,2.9348
2024-03-01,FY 2023-24,PRD04,Aviation Turbine Fuel (ATF),Middle Distillate,745.34,0.7453
2024-03-01,FY 2023-24,PRD05,Naphtha,Light Distillate,1257.03,1.257
2024-03-01,FY 2023-24,PRD06,Petroleum Coke (Petcoke),Heavy Ends,1581.06,1.5811
2024-03-01,FY 2023-24,PRD07,Bitumen,Heavy Ends,853.72,0.8537
2024-03-01,FY 2023-24,PRD08,Fuel Oil (FO / LSHS),Heavy Ends,959.75,0.9597
2024-03-01,FY 2023-24,PRD09,Light Diesel Oil & Lubes,Others,1500.83,1.5008
